name,price,sell,page,
淘宝网,32.0,0,1,
迷你个性创意AirPods2保护套苹果无,28.0,18,1,
杭和楷原创可乐火箭男孩卡通苹果iphon,39.0,28,1,
双面玻璃防偷窥苹果Xr防窥手机壳透明,57.54,7,1,
nba乔丹苹果Xsmax手机壳6s磨砂软,76.0,21,1,
新款iphonexs手机壳气囊防摔 苹果,19.8,5,1,
苹果手机壳无边框 iPhone XS M,29.8,14,1,
保罗乔治苹果手机壳iphone7/8/7p/8p手机套,45.76,10,1,
双面玻璃苹果Xr手机壳防偷窥超薄透明,57.54,1,1,
苹果X手机壳硬壳简约XR超薄防摔iPhoneXMax,24.0,9112,1,
苹果8plus无边框手机壳iPhone7,26.8,160,1,
opporealmeX个性realmeX,16.8,7,1,
来图定制苹果7plus情侣手绘卡通8P手机壳潮6,57.82,57,1,
定制手机壳任意机型 照片制作diy型号定做,19.8,26553,1,
苹果x无边框手机壳磨砂透明iPhonex,26.8,1507,1,
手机群控支架工作室手游架微商多层可调苹果,26.24,37,1,
淘宝网,19.8,25,1,
卡通潮牌公仔iPhonex手机壳苹果8p,12.8,29,1,
Benks苹果X手机壳iPhoneXR轻,58.0,0,1,
布朗熊line苹果iphonexmax软硅胶透明手机壳,12.9,75,1,
苹果5s手机壳iphone5s保护套se,4.8,7,1,
iphone6手机壳硅胶苹果防摔潮男6splus女款,18.0,6787,1,
苹果水果菠萝牛油果草莓手机壳iphone,28.0,1,1,
苹果iphone x手机壳腕带款苹果 x,25.8,0,1,
费城76人队恩比德西蒙斯球衣款苹果iph,26.1,8,1,
荣耀v20手机壳个性创意超薄可爱网红全包潮,22.0,184,1,
巴斯光年iPhone6立体硅胶手机壳苹果,16.99,7,1,
牧石手工定制真皮苹果x日式菱格新款高档编,239.0,57,1,
波妞与宗介iPhoneXR透明手机壳6s,16.8,4,1,
vivox27手机壳x27pro全包防摔透明玻璃金属,55.0,309,1,
手机群控支架工作室手游架微商多层可调苹果,26.24,37,1,
苹果7plus手机壳硅胶苹果6splus手机套6s新,25.8,268,1,
淘宝网,135.0,11,1,
iphonexs max手机壳皮套翻盖苹果XR防摔男女,33.12,244,1,
一加7pro手机壳玻璃1+7卡通可爱,28.0,41,1,
麦麦米华为P30手机壳超薄新款P30pr,98.0,185,1,
苹果X手机壳iPhone XS Max蜂,38.0,5,1,
苹果x手机壳定制iphonex玻璃6s套,16.8,17128,1,
vivox20手机X20plus前后全包防摔高档p时尚a,20.5,1,1,
搞怪卡通猫抓老鼠苹果X手机壳iPhone,11.8,0,1,
任意型号来图定制手机壳订做照片硅胶玻璃女,19.8,14,1,
联想zuk z2手机壳z2pro保护套x,9.9,7,1,
可爱屁桃咬一口苹果数据线防折断保护套小动,8.99,2,1,
ins简约纯色苹果x手机软壳xrxsma,19.9,0,1,
vivox21手机壳硅胶手机套vivo全包lv2软壳,25.8,33,1,
日韩可爱卡通VIVOx21手机壳x23我,9.8,0,1,
华为p20手机壳男p20pro荣耀v20磁吸透明玻璃,45.0,148,1,
一加七PRO玻璃手机壳1+6T来图定制个,15.8,0,1,
淘宝网,15.8,0,1,
苹果xs手机壳液态硅胶iPhonexr超,23.8,10,1,
华为nova4手机壳真皮荣耀nova4限,65.0,0,1,
苹果8手机壳硅胶iphone8plus磨砂保护套软壳,15.9,1694,1,
华为nova4手机壳novo4e保护VCE-AL00硅胶,19.8,228,1,
简约富士山苹果XsMax手机壳iPhon,25.8,1,1,
苹果手机壳iphone7puls 可爱鸭,9.9,0,1,
黄色苹果x手机壳iphone7/8plu,19.8,1,1,
华为P20手机壳字母p20 pro保护套,25.8,18,1,
华为Nova5/4/3手机壳Mate20,18.7,0,1,
可爱小猪8plus苹果x手机壳iphon,23.8,23,1,
LED摄影灯口袋手持便携直播外拍单反手机,168.0,4,1,
vivo X27手机壳x27pro保护壳vivo x23全包壳,19.0,1,1,
vivo z5x手机壳防摔Z3X软硅胶全,22.0,3,1,
复古爱心金箔vivoy85手机壳y66y,25.6,0,1,
零钱包苹果x手机壳iPhonexr斜跨包,19.8,0,1,
淘宝网,19.8,0,1,
kaws华为P20/P30苹果X6s手机,23.8,5,1,
苹果7钢化玻璃手机壳8Plus镜面保护套,19.99,16,1,
猿人头nba联名iPhonexsmax手,19.8,58,1,
小米9手机壳浮雕硅胶防摔软壳MI9卡通粉,16.9,1,1,
布朗熊钢化玻璃MAX苹果iphone手机壳78P包邮,19.8,51,1,
苹果手机壳液态硅胶iPhone6plus,23.8,13,1,
off ow white 19ss基础条,99.0,18,1,
ViVo Y85手机壳卡通Y85粉红豹V,14.9,6,1,
麦麦米华为P30手机壳新款简约商务布纹P,128.0,33,1,
vivox27手机壳x23幻彩版y66潮,16.8,7,1,
华为荣耀20手机壳honor20i腕带V,19.8,534,1,
简约大气苹果xsmax手机壳带支架绿色i,26.0,0,1,
华为Nova4手机壳字母nova4e保护,25.8,32,1,
OPPOR17手机壳玻璃opopr17一,19.8,0,1,
小米note3钢化玻璃手机壳note2镜,19.99,18,1,
淘宝网,19.8,0,1,
vivox21手机壳x21玻璃软壳硅胶x,24.9,0,1,
华为P30Pro磨砂手机壳轻薄防摔不沾指纹,25.0,1,1,
华为Magic2手机壳荣耀Magic2保,19.8,5,1,
SPIGEN韩国原装苹果X手机壳透明硅胶,128.0,0,1,
日系老牛吃嫩草iPhone7手机壳苹果x,25.88,2,1,
LongFnge琅坊阁苹果xr卡通手机壳,128.0,0,1,
苹果x新款磨砂手机壳xr网红xsmax软,19.98,1,1,
步步高vivo nex钢化玻璃手机壳iq,24.99,1,1,
一加6钢化软膜全屏覆盖6T手机膜1+3t,10.15,19,1,
钢铁侠立体条纹iphone7苹果xs m,16.8,0,1,
ins风苹果xr手机壳网红潮牌iphonex手机壳男,128.0,151,1,
现货即发vivoNEX双屏版前后全包手机壳,48.0,2723,1,
ins风彩虹英文笑脸vivoX27手机壳,16.8,1,1,
华为荣耀8手机壳honor8青春版保护套,11.8,501,1,
苹果8手机壳ipone7plus手机壳苹,19.5,17,1,
淘宝网,5.8,10,1,
汉堡冰淇淋小恐龙Xs Max苹果7/8p,18.0,0,1,
OPPO Reno手机套挂绳挂脖蜜蜂保护,25.8,23,1,
华为Mate9手机壳原装厂摩卡金保护套m,18.0,42,1,
iphoneXsMax苹果Xs手机套iphone x软壳指环,36.0,1321,1,
joyroom vivox6手机壳viv,25.0,0,1,
vivox20手机壳x20plus保护套x20a软壳,14.8,1,1,
苹果7手机壳女iPhone8手机套i8全,19.4,4,1,
乐视max2手机壳四角气囊防摔X820保,9.9,239,1,
卡通动物华为p20手机壳p30原创mat,19.98,0,1,
VIVOX27手机壳送全屏钢化膜X23防,16.8,0,1,
VIVOX20手机壳X20Plus保护套,9.9,1392,1,
苹果X手机壳液态硅胶防摔,78.1,29,1,
抖音同款苹果xsmax手机壳斜挎背带挂脖,31.36,1,1,
明星同款苹果手机壳网红狗狗表情包iPho,25.0,0,1,
ins滴胶彩虹iphone8plus苹果xsmax软壳xr,20.0,0,1,
淘宝网,25.74,5,1,
LED摄影灯口袋手持便携直播外拍单反手机,168.0,4,1,
苹果iphone透明玻璃手机壳 黑色 渐变粉红色,22.0,51,1,
通用手机背贴卡套公交门禁卡袋超薄卡包插卡,19.9,11,1,
华为P30Pro军事防摔手机壳盔甲P30,35.0,1,1,
OPPORENO手机壳送全屏钢化膜R9S,16.8,0,1,
李现同款心态超好xs max苹果X手机壳,18.9,0,1,
Moshi摩仕苹果XXS指环支架保护壳手机保护套,148.0,0,1,
oppor17手机壳pro玻璃镜面r15,11.8,10,1,
iphone苹果x手机壳xs玻璃max全,30.9,14,1,
vivoX21s手机壳vivo X23幻,19.6,219,1,
洽利iphone8手机壳真皮苹果7 pl,138.0,181,1,
双面玻璃华为p30手机壳p20pro,35.0,1,1,
xiaomi/小米黑鲨游戏手机壳气囊防摔,9.9,88,1,
华为mate7手机壳mate7保护套超薄,9.9,186,1,
vivo nex手机壳玻璃vivonex,39.0,25,1,
淘宝网,17.8,122,1,
韩风清新水果小米8手机壳8se青春版女款,11.4,334,1,
VIVOX9i手机壳vivo x9s翻盖,28.0,61,1,
iPhone8手机壳xsmax韩国女款潮,31.5,4,1,
XSMAX水钻苹果x手机壳XR蝴蝶结网红,39.0,9,1,
苹果6splus手机皮套翻盖插卡壳全包防,29.35,1,1,
YIYAYO 专柜 正品 爱丽丝 蕾丝兔 S号 2色,17.99,0,1,
汽车车载手机支架出风口4s店实用礼品定制,5.0,223,1,
新款iphonexs max苹果8plu,32.0,17,1,
苹果8plus手机壳新款iPhone7光,28.0,13,1,
奇酷360N7手机壳360N7pro真皮,108.0,0,1,
阿洋哥哥的奶油便利店丧系列x手机壳Bli,28.0,1,1,
iphoneX苹果xr/7/8/xs m,22.8,1,1,
一加7pro手机壳oneplus7保护套,17.8,16,1,
韩国LineFriends布朗熊苹果xs,68.0,1,1,
韩风清新水果play华为荣耀v20手机壳,11.4,425,1,
淘宝网,28.0,1,1,
OPPO R11S贴膜防爆高清手机保护玻,10.0,31,1,
Moshi摩仕苹果XR指环支架保护壳ip,138.0,0,1,
斜挎牛油果手机壳苹果x手机壳8plus磨,29.0,15,1,
c2lv1 vivox23手机壳x23幻,35.8,0,1,
瑞典 iDEAL OF SWEDEN I,238.0,8,1,
VOLSYS 华为mate7手机壳mat,18.9,119,1,
腕带支架iphoneX手机壳苹果XR软硅,19.4,1,1,
抖音网红iphone xs max手机壳苹果xsmax套9,68.0,99,1,
红米note7手机壳王源同款5plus男女6a阿丽塔,28.0,25,1,
Meitu美图M8s手机壳M8翻盖美图M,28.0,5,1,
华为JDN-W09/AL00荣耀平板2皮套防摔手机壳,48.0,1,1,
vivox20手机壳超薄vivo x21,16.8,181,1,
vivox20手机壳vivox9液态硅胶,23.0,615,1,
高清膜 手机保护膜 通用贴膜 万能膜 a,8.9,188,1,
韩商言李现同款苹果x手机壳老韩玻璃镜面i,11.8,4,1,
淘宝网,32.0,0,2,
迷你个性创意AirPods2保护套苹果无,28.0,18,2,
杭和楷原创可乐火箭男孩卡通苹果iphon,39.0,28,2,
双面玻璃防偷窥苹果Xr防窥手机壳透明,57.54,7,2,
nba乔丹苹果Xsmax手机壳6s磨砂软,76.0,21,2,
新款iphonexs手机壳气囊防摔 苹果,19.8,5,2,
苹果手机壳无边框 iPhone XS M,29.8,14,2,
保罗乔治苹果手机壳iphone7/8/7p/8p手机套,45.76,10,2,
双面玻璃苹果Xr手机壳防偷窥超薄透明,57.54,1,2,
苹果X手机壳硬壳简约XR超薄防摔iPhoneXMax,24.0,9112,2,
苹果8plus无边框手机壳iPhone7,26.8,160,2,
opporealmeX个性realmeX,16.8,7,2,
来图定制苹果7plus情侣手绘卡通8P手机壳潮6,57.82,57,2,
定制手机壳任意机型 照片制作diy型号定做,19.8,26553,2,
苹果x无边框手机壳磨砂透明iPhonex,26.8,1507,2,
手机群控支架工作室手游架微商多层可调苹果,26.24,37,2,
淘宝网,19.8,25,2,
卡通潮牌公仔iPhonex手机壳苹果8p,12.8,29,2,
Benks苹果X手机壳iPhoneXR轻,58.0,0,2,
布朗熊line苹果iphonexmax软硅胶透明手机壳,12.9,75,2,
苹果5s手机壳iphone5s保护套se,4.8,7,2,
iphone6手机壳硅胶苹果防摔潮男6splus女款,18.0,6787,2,
苹果水果菠萝牛油果草莓手机壳iphone,28.0,1,2,
苹果iphone x手机壳腕带款苹果 x,25.8,0,2,
费城76人队恩比德西蒙斯球衣款苹果iph,26.1,8,2,
荣耀v20手机壳个性创意超薄可爱网红全包潮,22.0,184,2,
巴斯光年iPhone6立体硅胶手机壳苹果,16.99,7,2,
牧石手工定制真皮苹果x日式菱格新款高档编,239.0,57,2,
波妞与宗介iPhoneXR透明手机壳6s,16.8,4,2,
vivox27手机壳x27pro全包防摔透明玻璃金属,55.0,309,2,
手机群控支架工作室手游架微商多层可调苹果,26.24,37,2,
苹果7plus手机壳硅胶苹果6splus手机套6s新,25.8,268,2,
淘宝网,135.0,11,2,
iphonexs max手机壳皮套翻盖苹果XR防摔男女,33.12,244,2,
一加7pro手机壳玻璃1+7卡通可爱,28.0,41,2,
麦麦米华为P30手机壳超薄新款P30pr,98.0,185,2,
苹果X手机壳iPhone XS Max蜂,38.0,5,2,
苹果x手机壳定制iphonex玻璃6s套,16.8,17128,2,
vivox20手机X20plus前后全包防摔高档p时尚a,20.5,1,2,
搞怪卡通猫抓老鼠苹果X手机壳iPhone,11.8,0,2,
任意型号来图定制手机壳订做照片硅胶玻璃女,19.8,14,2,
联想zuk z2手机壳z2pro保护套x,9.9,7,2,
可爱屁桃咬一口苹果数据线防折断保护套小动,8.99,2,2,
ins简约纯色苹果x手机软壳xrxsma,19.9,0,2,
vivox21手机壳硅胶手机套vivo全包lv2软壳,25.8,33,2,
日韩可爱卡通VIVOx21手机壳x23我,9.8,0,2,
华为p20手机壳男p20pro荣耀v20磁吸透明玻璃,45.0,148,2,
一加七PRO玻璃手机壳1+6T来图定制个,15.8,0,2,
淘宝网,15.8,0,2,
苹果xs手机壳液态硅胶iPhonexr超,23.8,10,2,
华为nova4手机壳真皮荣耀nova4限,65.0,0,2,
苹果8手机壳硅胶iphone8plus磨砂保护套软壳,15.9,1694,2,
华为nova4手机壳novo4e保护VCE-AL00硅胶,19.8,228,2,
简约富士山苹果XsMax手机壳iPhon,25.8,1,2,
苹果手机壳iphone7puls 可爱鸭,9.9,0,2,
黄色苹果x手机壳iphone7/8plu,19.8,1,2,
华为P20手机壳字母p20 pro保护套,25.8,18,2,
华为Nova5/4/3手机壳Mate20,18.7,0,2,
可爱小猪8plus苹果x手机壳iphon,23.8,23,2,
LED摄影灯口袋手持便携直播外拍单反手机,168.0,4,2,
vivo X27手机壳x27pro保护壳vivo x23全包壳,19.0,1,2,
vivo z5x手机壳防摔Z3X软硅胶全,22.0,3,2,
复古爱心金箔vivoy85手机壳y66y,25.6,0,2,
零钱包苹果x手机壳iPhonexr斜跨包,19.8,0,2,
淘宝网,19.8,0,2,
kaws华为P20/P30苹果X6s手机,23.8,5,2,
苹果7钢化玻璃手机壳8Plus镜面保护套,19.99,16,2,
猿人头nba联名iPhonexsmax手,19.8,58,2,
小米9手机壳浮雕硅胶防摔软壳MI9卡通粉,16.9,1,2,
布朗熊钢化玻璃MAX苹果iphone手机壳78P包邮,19.8,51,2,
苹果手机壳液态硅胶iPhone6plus,23.8,13,2,
off ow white 19ss基础条,99.0,18,2,
ViVo Y85手机壳卡通Y85粉红豹V,14.9,6,2,
麦麦米华为P30手机壳新款简约商务布纹P,128.0,33,2,
vivox27手机壳x23幻彩版y66潮,16.8,7,2,
华为荣耀20手机壳honor20i腕带V,19.8,534,2,
简约大气苹果xsmax手机壳带支架绿色i,26.0,0,2,
华为Nova4手机壳字母nova4e保护,25.8,32,2,
OPPOR17手机壳玻璃opopr17一,19.8,0,2,
小米note3钢化玻璃手机壳note2镜,19.99,18,2,
淘宝网,19.8,0,2,
vivox21手机壳x21玻璃软壳硅胶x,24.9,0,2,
华为P30Pro磨砂手机壳轻薄防摔不沾指纹,25.0,1,2,
华为Magic2手机壳荣耀Magic2保,19.8,5,2,
SPIGEN韩国原装苹果X手机壳透明硅胶,128.0,0,2,
日系老牛吃嫩草iPhone7手机壳苹果x,25.88,2,2,
LongFnge琅坊阁苹果xr卡通手机壳,128.0,0,2,
苹果x新款磨砂手机壳xr网红xsmax软,19.98,1,2,
步步高vivo nex钢化玻璃手机壳iq,24.99,1,2,
一加6钢化软膜全屏覆盖6T手机膜1+3t,10.15,19,2,
钢铁侠立体条纹iphone7苹果xs m,16.8,0,2,
ins风苹果xr手机壳网红潮牌iphonex手机壳男,128.0,151,2,
现货即发vivoNEX双屏版前后全包手机壳,48.0,2723,2,
ins风彩虹英文笑脸vivoX27手机壳,16.8,1,2,
华为荣耀8手机壳honor8青春版保护套,11.8,501,2,
苹果8手机壳ipone7plus手机壳苹,19.5,17,2,
淘宝网,5.8,10,2,
汉堡冰淇淋小恐龙Xs Max苹果7/8p,18.0,0,2,
OPPO Reno手机套挂绳挂脖蜜蜂保护,25.8,23,2,
华为Mate9手机壳原装厂摩卡金保护套m,18.0,42,2,
iphoneXsMax苹果Xs手机套iphone x软壳指环,36.0,1321,2,
joyroom vivox6手机壳viv,25.0,0,2,
vivox20手机壳x20plus保护套x20a软壳,14.8,1,2,
苹果7手机壳女iPhone8手机套i8全,19.4,4,2,
乐视max2手机壳四角气囊防摔X820保,9.9,239,2,
卡通动物华为p20手机壳p30原创mat,19.98,0,2,
VIVOX27手机壳送全屏钢化膜X23防,16.8,0,2,
VIVOX20手机壳X20Plus保护套,9.9,1392,2,
苹果X手机壳液态硅胶防摔,78.1,29,2,
抖音同款苹果xsmax手机壳斜挎背带挂脖,31.36,1,2,
明星同款苹果手机壳网红狗狗表情包iPho,25.0,0,2,
ins滴胶彩虹iphone8plus苹果xsmax软壳xr,20.0,0,2,
淘宝网,25.74,5,2,
LED摄影灯口袋手持便携直播外拍单反手机,168.0,4,2,
苹果iphone透明玻璃手机壳 黑色 渐变粉红色,22.0,51,2,
通用手机背贴卡套公交门禁卡袋超薄卡包插卡,19.9,11,2,
华为P30Pro军事防摔手机壳盔甲P30,35.0,1,2,
OPPORENO手机壳送全屏钢化膜R9S,16.8,0,2,
李现同款心态超好xs max苹果X手机壳,18.9,0,2,
Moshi摩仕苹果XXS指环支架保护壳手机保护套,148.0,0,2,
oppor17手机壳pro玻璃镜面r15,11.8,10,2,
iphone苹果x手机壳xs玻璃max全,30.9,14,2,
vivoX21s手机壳vivo X23幻,19.6,219,2,
洽利iphone8手机壳真皮苹果7 pl,138.0,181,2,
双面玻璃华为p30手机壳p20pro,35.0,1,2,
xiaomi/小米黑鲨游戏手机壳气囊防摔,9.9,88,2,
华为mate7手机壳mate7保护套超薄,9.9,186,2,
vivo nex手机壳玻璃vivonex,39.0,25,2,
淘宝网,17.8,122,2,
韩风清新水果小米8手机壳8se青春版女款,11.4,334,2,
VIVOX9i手机壳vivo x9s翻盖,28.0,61,2,
iPhone8手机壳xsmax韩国女款潮,31.5,4,2,
XSMAX水钻苹果x手机壳XR蝴蝶结网红,39.0,9,2,
苹果6splus手机皮套翻盖插卡壳全包防,29.35,1,2,
YIYAYO 专柜 正品 爱丽丝 蕾丝兔 S号 2色,17.99,0,2,
汽车车载手机支架出风口4s店实用礼品定制,5.0,223,2,
新款iphonexs max苹果8plu,32.0,17,2,
苹果8plus手机壳新款iPhone7光,28.0,13,2,
奇酷360N7手机壳360N7pro真皮,108.0,0,2,
阿洋哥哥的奶油便利店丧系列x手机壳Bli,28.0,1,2,
iphoneX苹果xr/7/8/xs m,22.8,1,2,
一加7pro手机壳oneplus7保护套,17.8,16,2,
韩国LineFriends布朗熊苹果xs,68.0,1,2,
韩风清新水果play华为荣耀v20手机壳,11.4,425,2,
淘宝网,28.0,1,2,
OPPO R11S贴膜防爆高清手机保护玻,10.0,31,2,
Moshi摩仕苹果XR指环支架保护壳ip,138.0,0,2,
斜挎牛油果手机壳苹果x手机壳8plus磨,29.0,15,2,
c2lv1 vivox23手机壳x23幻,35.8,0,2,
瑞典 iDEAL OF SWEDEN I,238.0,8,2,
VOLSYS 华为mate7手机壳mat,18.9,119,2,
腕带支架iphoneX手机壳苹果XR软硅,19.4,1,2,
抖音网红iphone xs max手机壳苹果xsmax套9,68.0,99,2,
红米note7手机壳王源同款5plus男女6a阿丽塔,28.0,25,2,
Meitu美图M8s手机壳M8翻盖美图M,28.0,5,2,
华为JDN-W09/AL00荣耀平板2皮套防摔手机壳,48.0,1,2,
vivox20手机壳超薄vivo x21,16.8,181,2,
vivox20手机壳vivox9液态硅胶,23.0,615,2,
高清膜 手机保护膜 通用贴膜 万能膜 a,8.9,188,2,
韩商言李现同款苹果x手机壳老韩玻璃镜面i,11.8,4,2,
淘宝网,32.0,0,3,
迷你个性创意AirPods2保护套苹果无,28.0,18,3,
杭和楷原创可乐火箭男孩卡通苹果iphon,39.0,28,3,
双面玻璃防偷窥苹果Xr防窥手机壳透明,57.54,7,3,
nba乔丹苹果Xsmax手机壳6s磨砂软,76.0,21,3,
新款iphonexs手机壳气囊防摔 苹果,19.8,5,3,
苹果手机壳无边框 iPhone XS M,29.8,14,3,
保罗乔治苹果手机壳iphone7/8/7p/8p手机套,45.76,10,3,
双面玻璃苹果Xr手机壳防偷窥超薄透明,57.54,1,3,
苹果X手机壳硬壳简约XR超薄防摔iPhoneXMax,24.0,9112,3,
苹果8plus无边框手机壳iPhone7,26.8,160,3,
opporealmeX个性realmeX,16.8,7,3,
来图定制苹果7plus情侣手绘卡通8P手机壳潮6,57.82,57,3,
定制手机壳任意机型 照片制作diy型号定做,19.8,26553,3,
苹果x无边框手机壳磨砂透明iPhonex,26.8,1507,3,
手机群控支架工作室手游架微商多层可调苹果,26.24,37,3,
淘宝网,19.8,25,3,
卡通潮牌公仔iPhonex手机壳苹果8p,12.8,29,3,
Benks苹果X手机壳iPhoneXR轻,58.0,0,3,
布朗熊line苹果iphonexmax软硅胶透明手机壳,12.9,75,3,
苹果5s手机壳iphone5s保护套se,4.8,7,3,
iphone6手机壳硅胶苹果防摔潮男6splus女款,18.0,6787,3,
苹果水果菠萝牛油果草莓手机壳iphone,28.0,1,3,
苹果iphone x手机壳腕带款苹果 x,25.8,0,3,
费城76人队恩比德西蒙斯球衣款苹果iph,26.1,8,3,
荣耀v20手机壳个性创意超薄可爱网红全包潮,22.0,184,3,
巴斯光年iPhone6立体硅胶手机壳苹果,16.99,7,3,
牧石手工定制真皮苹果x日式菱格新款高档编,239.0,57,3,
波妞与宗介iPhoneXR透明手机壳6s,16.8,4,3,
vivox27手机壳x27pro全包防摔透明玻璃金属,55.0,309,3,
手机群控支架工作室手游架微商多层可调苹果,26.24,37,3,
苹果7plus手机壳硅胶苹果6splus手机套6s新,25.8,268,3,
淘宝网,135.0,11,3,
iphonexs max手机壳皮套翻盖苹果XR防摔男女,33.12,244,3,
一加7pro手机壳玻璃1+7卡通可爱,28.0,41,3,
麦麦米华为P30手机壳超薄新款P30pr,98.0,185,3,
苹果X手机壳iPhone XS Max蜂,38.0,5,3,
苹果x手机壳定制iphonex玻璃6s套,16.8,17128,3,
vivox20手机X20plus前后全包防摔高档p时尚a,20.5,1,3,
搞怪卡通猫抓老鼠苹果X手机壳iPhone,11.8,0,3,
任意型号来图定制手机壳订做照片硅胶玻璃女,19.8,14,3,
联想zuk z2手机壳z2pro保护套x,9.9,7,3,
可爱屁桃咬一口苹果数据线防折断保护套小动,8.99,2,3,
ins简约纯色苹果x手机软壳xrxsma,19.9,0,3,
vivox21手机壳硅胶手机套vivo全包lv2软壳,25.8,33,3,
日韩可爱卡通VIVOx21手机壳x23我,9.8,0,3,
华为p20手机壳男p20pro荣耀v20磁吸透明玻璃,45.0,148,3,
一加七PRO玻璃手机壳1+6T来图定制个,15.8,0,3,
淘宝网,15.8,0,3,
苹果xs手机壳液态硅胶iPhonexr超,23.8,10,3,
华为nova4手机壳真皮荣耀nova4限,65.0,0,3,
苹果8手机壳硅胶iphone8plus磨砂保护套软壳,15.9,1694,3,
华为nova4手机壳novo4e保护VCE-AL00硅胶,19.8,228,3,
简约富士山苹果XsMax手机壳iPhon,25.8,1,3,
苹果手机壳iphone7puls 可爱鸭,9.9,0,3,
黄色苹果x手机壳iphone7/8plu,19.8,1,3,
华为P20手机壳字母p20 pro保护套,25.8,18,3,
华为Nova5/4/3手机壳Mate20,18.7,0,3,
可爱小猪8plus苹果x手机壳iphon,23.8,23,3,
LED摄影灯口袋手持便携直播外拍单反手机,168.0,4,3,
vivo X27手机壳x27pro保护壳vivo x23全包壳,19.0,1,3,
vivo z5x手机壳防摔Z3X软硅胶全,22.0,3,3,
复古爱心金箔vivoy85手机壳y66y,25.6,0,3,
零钱包苹果x手机壳iPhonexr斜跨包,19.8,0,3,
淘宝网,19.8,0,3,
kaws华为P20/P30苹果X6s手机,23.8,5,3,
苹果7钢化玻璃手机壳8Plus镜面保护套,19.99,16,3,
猿人头nba联名iPhonexsmax手,19.8,58,3,
小米9手机壳浮雕硅胶防摔软壳MI9卡通粉,16.9,1,3,
布朗熊钢化玻璃MAX苹果iphone手机壳78P包邮,19.8,51,3,
苹果手机壳液态硅胶iPhone6plus,23.8,13,3,
off ow white 19ss基础条,99.0,18,3,
ViVo Y85手机壳卡通Y85粉红豹V,14.9,6,3,
麦麦米华为P30手机壳新款简约商务布纹P,128.0,33,3,
vivox27手机壳x23幻彩版y66潮,16.8,7,3,
华为荣耀20手机壳honor20i腕带V,19.8,534,3,
简约大气苹果xsmax手机壳带支架绿色i,26.0,0,3,
华为Nova4手机壳字母nova4e保护,25.8,32,3,
OPPOR17手机壳玻璃opopr17一,19.8,0,3,
小米note3钢化玻璃手机壳note2镜,19.99,18,3,
淘宝网,19.8,0,3,
vivox21手机壳x21玻璃软壳硅胶x,24.9,0,3,
华为P30Pro磨砂手机壳轻薄防摔不沾指纹,25.0,1,3,
华为Magic2手机壳荣耀Magic2保,19.8,5,3,
SPIGEN韩国原装苹果X手机壳透明硅胶,128.0,0,3,
日系老牛吃嫩草iPhone7手机壳苹果x,25.88,2,3,
LongFnge琅坊阁苹果xr卡通手机壳,128.0,0,3,
苹果x新款磨砂手机壳xr网红xsmax软,19.98,1,3,
步步高vivo nex钢化玻璃手机壳iq,24.99,1,3,
一加6钢化软膜全屏覆盖6T手机膜1+3t,10.15,19,3,
钢铁侠立体条纹iphone7苹果xs m,16.8,0,3,
ins风苹果xr手机壳网红潮牌iphonex手机壳男,128.0,151,3,
现货即发vivoNEX双屏版前后全包手机壳,48.0,2723,3,
ins风彩虹英文笑脸vivoX27手机壳,16.8,1,3,
华为荣耀8手机壳honor8青春版保护套,11.8,501,3,
苹果8手机壳ipone7plus手机壳苹,19.5,17,3,
淘宝网,5.8,10,3,
汉堡冰淇淋小恐龙Xs Max苹果7/8p,18.0,0,3,
OPPO Reno手机套挂绳挂脖蜜蜂保护,25.8,23,3,
华为Mate9手机壳原装厂摩卡金保护套m,18.0,42,3,
iphoneXsMax苹果Xs手机套iphone x软壳指环,36.0,1321,3,
joyroom vivox6手机壳viv,25.0,0,3,
vivox20手机壳x20plus保护套x20a软壳,14.8,1,3,
苹果7手机壳女iPhone8手机套i8全,19.4,4,3,
乐视max2手机壳四角气囊防摔X820保,9.9,239,3,
卡通动物华为p20手机壳p30原创mat,19.98,0,3,
VIVOX27手机壳送全屏钢化膜X23防,16.8,0,3,
VIVOX20手机壳X20Plus保护套,9.9,1392,3,
苹果X手机壳液态硅胶防摔,78.1,29,3,
抖音同款苹果xsmax手机壳斜挎背带挂脖,31.36,1,3,
明星同款苹果手机壳网红狗狗表情包iPho,25.0,0,3,
ins滴胶彩虹iphone8plus苹果xsmax软壳xr,20.0,0,3,
淘宝网,25.74,5,3,
LED摄影灯口袋手持便携直播外拍单反手机,168.0,4,3,
苹果iphone透明玻璃手机壳 黑色 渐变粉红色,22.0,51,3,
通用手机背贴卡套公交门禁卡袋超薄卡包插卡,19.9,11,3,
华为P30Pro军事防摔手机壳盔甲P30,35.0,1,3,
OPPORENO手机壳送全屏钢化膜R9S,16.8,0,3,
李现同款心态超好xs max苹果X手机壳,18.9,0,3,
Moshi摩仕苹果XXS指环支架保护壳手机保护套,148.0,0,3,
oppor17手机壳pro玻璃镜面r15,11.8,10,3,
iphone苹果x手机壳xs玻璃max全,30.9,14,3,
vivoX21s手机壳vivo X23幻,19.6,219,3,
洽利iphone8手机壳真皮苹果7 pl,138.0,181,3,
双面玻璃华为p30手机壳p20pro,35.0,1,3,
xiaomi/小米黑鲨游戏手机壳气囊防摔,9.9,88,3,
华为mate7手机壳mate7保护套超薄,9.9,186,3,
vivo nex手机壳玻璃vivonex,39.0,25,3,
淘宝网,17.8,122,3,
韩风清新水果小米8手机壳8se青春版女款,11.4,334,3,
VIVOX9i手机壳vivo x9s翻盖,28.0,61,3,
iPhone8手机壳xsmax韩国女款潮,31.5,4,3,
XSMAX水钻苹果x手机壳XR蝴蝶结网红,39.0,9,3,
苹果6splus手机皮套翻盖插卡壳全包防,29.35,1,3,
YIYAYO 专柜 正品 爱丽丝 蕾丝兔 S号 2色,17.99,0,3,
汽车车载手机支架出风口4s店实用礼品定制,5.0,223,3,
新款iphonexs max苹果8plu,32.0,17,3,
苹果8plus手机壳新款iPhone7光,28.0,13,3,
奇酷360N7手机壳360N7pro真皮,108.0,0,3,
阿洋哥哥的奶油便利店丧系列x手机壳Bli,28.0,1,3,
iphoneX苹果xr/7/8/xs m,22.8,1,3,
一加7pro手机壳oneplus7保护套,17.8,16,3,
韩国LineFriends布朗熊苹果xs,68.0,1,3,
韩风清新水果play华为荣耀v20手机壳,11.4,425,3,
淘宝网,28.0,1,3,
OPPO R11S贴膜防爆高清手机保护玻,10.0,31,3,
Moshi摩仕苹果XR指环支架保护壳ip,138.0,0,3,
斜挎牛油果手机壳苹果x手机壳8plus磨,29.0,15,3,
c2lv1 vivox23手机壳x23幻,35.8,0,3,
瑞典 iDEAL OF SWEDEN I,238.0,8,3,
VOLSYS 华为mate7手机壳mat,18.9,119,3,
腕带支架iphoneX手机壳苹果XR软硅,19.4,1,3,
抖音网红iphone xs max手机壳苹果xsmax套9,68.0,99,3,
红米note7手机壳王源同款5plus男女6a阿丽塔,28.0,25,3,
Meitu美图M8s手机壳M8翻盖美图M,28.0,5,3,
华为JDN-W09/AL00荣耀平板2皮套防摔手机壳,48.0,1,3,
vivox20手机壳超薄vivo x21,16.8,181,3,
vivox20手机壳vivox9液态硅胶,23.0,615,3,
高清膜 手机保护膜 通用贴膜 万能膜 a,8.9,188,3,
韩商言李现同款苹果x手机壳老韩玻璃镜面i,11.8,4,3,
淘宝网,32.0,0,4,
迷你个性创意AirPods2保护套苹果无,28.0,18,4,
杭和楷原创可乐火箭男孩卡通苹果iphon,39.0,28,4,
双面玻璃防偷窥苹果Xr防窥手机壳透明,57.54,7,4,
nba乔丹苹果Xsmax手机壳6s磨砂软,76.0,21,4,
新款iphonexs手机壳气囊防摔 苹果,19.8,5,4,
苹果手机壳无边框 iPhone XS M,29.8,14,4,
保罗乔治苹果手机壳iphone7/8/7p/8p手机套,45.76,10,4,
双面玻璃苹果Xr手机壳防偷窥超薄透明,57.54,1,4,
苹果X手机壳硬壳简约XR超薄防摔iPhoneXMax,24.0,9112,4,
苹果8plus无边框手机壳iPhone7,26.8,160,4,
opporealmeX个性realmeX,16.8,7,4,
来图定制苹果7plus情侣手绘卡通8P手机壳潮6,57.82,57,4,
定制手机壳任意机型 照片制作diy型号定做,19.8,26553,4,
苹果x无边框手机壳磨砂透明iPhonex,26.8,1507,4,
手机群控支架工作室手游架微商多层可调苹果,26.24,37,4,
淘宝网,19.8,25,4,
卡通潮牌公仔iPhonex手机壳苹果8p,12.8,29,4,
Benks苹果X手机壳iPhoneXR轻,58.0,0,4,
布朗熊line苹果iphonexmax软硅胶透明手机壳,12.9,75,4,
苹果5s手机壳iphone5s保护套se,4.8,7,4,
iphone6手机壳硅胶苹果防摔潮男6splus女款,18.0,6787,4,
苹果水果菠萝牛油果草莓手机壳iphone,28.0,1,4,
苹果iphone x手机壳腕带款苹果 x,25.8,0,4,
费城76人队恩比德西蒙斯球衣款苹果iph,26.1,8,4,
荣耀v20手机壳个性创意超薄可爱网红全包潮,22.0,184,4,
巴斯光年iPhone6立体硅胶手机壳苹果,16.99,7,4,
牧石手工定制真皮苹果x日式菱格新款高档编,239.0,57,4,
波妞与宗介iPhoneXR透明手机壳6s,16.8,4,4,
vivox27手机壳x27pro全包防摔透明玻璃金属,55.0,309,4,
手机群控支架工作室手游架微商多层可调苹果,26.24,37,4,
苹果7plus手机壳硅胶苹果6splus手机套6s新,25.8,268,4,
淘宝网,135.0,11,4,
iphonexs max手机壳皮套翻盖苹果XR防摔男女,33.12,244,4,
一加7pro手机壳玻璃1+7卡通可爱,28.0,41,4,
麦麦米华为P30手机壳超薄新款P30pr,98.0,185,4,
苹果X手机壳iPhone XS Max蜂,38.0,5,4,
苹果x手机壳定制iphonex玻璃6s套,16.8,17128,4,
vivox20手机X20plus前后全包防摔高档p时尚a,20.5,1,4,
搞怪卡通猫抓老鼠苹果X手机壳iPhone,11.8,0,4,
任意型号来图定制手机壳订做照片硅胶玻璃女,19.8,14,4,
联想zuk z2手机壳z2pro保护套x,9.9,7,4,
可爱屁桃咬一口苹果数据线防折断保护套小动,8.99,2,4,
ins简约纯色苹果x手机软壳xrxsma,19.9,0,4,
vivox21手机壳硅胶手机套vivo全包lv2软壳,25.8,33,4,
日韩可爱卡通VIVOx21手机壳x23我,9.8,0,4,
华为p20手机壳男p20pro荣耀v20磁吸透明玻璃,45.0,148,4,
一加七PRO玻璃手机壳1+6T来图定制个,15.8,0,4,
淘宝网,15.8,0,4,
苹果xs手机壳液态硅胶iPhonexr超,23.8,10,4,
华为nova4手机壳真皮荣耀nova4限,65.0,0,4,
苹果8手机壳硅胶iphone8plus磨砂保护套软壳,15.9,1694,4,
华为nova4手机壳novo4e保护VCE-AL00硅胶,19.8,228,4,
简约富士山苹果XsMax手机壳iPhon,25.8,1,4,
苹果手机壳iphone7puls 可爱鸭,9.9,0,4,
黄色苹果x手机壳iphone7/8plu,19.8,1,4,
华为P20手机壳字母p20 pro保护套,25.8,18,4,
华为Nova5/4/3手机壳Mate20,18.7,0,4,
可爱小猪8plus苹果x手机壳iphon,23.8,23,4,
LED摄影灯口袋手持便携直播外拍单反手机,168.0,4,4,
vivo X27手机壳x27pro保护壳vivo x23全包壳,19.0,1,4,
vivo z5x手机壳防摔Z3X软硅胶全,22.0,3,4,
复古爱心金箔vivoy85手机壳y66y,25.6,0,4,
零钱包苹果x手机壳iPhonexr斜跨包,19.8,0,4,
淘宝网,19.8,0,4,
kaws华为P20/P30苹果X6s手机,23.8,5,4,
苹果7钢化玻璃手机壳8Plus镜面保护套,19.99,16,4,
猿人头nba联名iPhonexsmax手,19.8,58,4,
小米9手机壳浮雕硅胶防摔软壳MI9卡通粉,16.9,1,4,
布朗熊钢化玻璃MAX苹果iphone手机壳78P包邮,19.8,51,4,
苹果手机壳液态硅胶iPhone6plus,23.8,13,4,
off ow white 19ss基础条,99.0,18,4,
ViVo Y85手机壳卡通Y85粉红豹V,14.9,6,4,
麦麦米华为P30手机壳新款简约商务布纹P,128.0,33,4,
vivox27手机壳x23幻彩版y66潮,16.8,7,4,
华为荣耀20手机壳honor20i腕带V,19.8,534,4,
简约大气苹果xsmax手机壳带支架绿色i,26.0,0,4,
华为Nova4手机壳字母nova4e保护,25.8,32,4,
OPPOR17手机壳玻璃opopr17一,19.8,0,4,
小米note3钢化玻璃手机壳note2镜,19.99,18,4,
淘宝网,19.8,0,4,
vivox21手机壳x21玻璃软壳硅胶x,24.9,0,4,
华为P30Pro磨砂手机壳轻薄防摔不沾指纹,25.0,1,4,
华为Magic2手机壳荣耀Magic2保,19.8,5,4,
SPIGEN韩国原装苹果X手机壳透明硅胶,128.0,0,4,
日系老牛吃嫩草iPhone7手机壳苹果x,25.88,2,4,
LongFnge琅坊阁苹果xr卡通手机壳,128.0,0,4,
苹果x新款磨砂手机壳xr网红xsmax软,19.98,1,4,
步步高vivo nex钢化玻璃手机壳iq,24.99,1,4,
一加6钢化软膜全屏覆盖6T手机膜1+3t,10.15,19,4,
钢铁侠立体条纹iphone7苹果xs m,16.8,0,4,
ins风苹果xr手机壳网红潮牌iphonex手机壳男,128.0,151,4,
现货即发vivoNEX双屏版前后全包手机壳,48.0,2723,4,
ins风彩虹英文笑脸vivoX27手机壳,16.8,1,4,
华为荣耀8手机壳honor8青春版保护套,11.8,501,4,
苹果8手机壳ipone7plus手机壳苹,19.5,17,4,
淘宝网,5.8,10,4,
汉堡冰淇淋小恐龙Xs Max苹果7/8p,18.0,0,4,
OPPO Reno手机套挂绳挂脖蜜蜂保护,25.8,23,4,
华为Mate9手机壳原装厂摩卡金保护套m,18.0,42,4,
iphoneXsMax苹果Xs手机套iphone x软壳指环,36.0,1321,4,
joyroom vivox6手机壳viv,25.0,0,4,
vivox20手机壳x20plus保护套x20a软壳,14.8,1,4,
苹果7手机壳女iPhone8手机套i8全,19.4,4,4,
乐视max2手机壳四角气囊防摔X820保,9.9,239,4,
卡通动物华为p20手机壳p30原创mat,19.98,0,4,
VIVOX27手机壳送全屏钢化膜X23防,16.8,0,4,
VIVOX20手机壳X20Plus保护套,9.9,1392,4,
苹果X手机壳液态硅胶防摔,78.1,29,4,
抖音同款苹果xsmax手机壳斜挎背带挂脖,31.36,1,4,
明星同款苹果手机壳网红狗狗表情包iPho,25.0,0,4,
ins滴胶彩虹iphone8plus苹果xsmax软壳xr,20.0,0,4,
淘宝网,25.74,5,4,
LED摄影灯口袋手持便携直播外拍单反手机,168.0,4,4,
苹果iphone透明玻璃手机壳 黑色 渐变粉红色,22.0,51,4,
通用手机背贴卡套公交门禁卡袋超薄卡包插卡,19.9,11,4,
华为P30Pro军事防摔手机壳盔甲P30,35.0,1,4,
OPPORENO手机壳送全屏钢化膜R9S,16.8,0,4,
李现同款心态超好xs max苹果X手机壳,18.9,0,4,
Moshi摩仕苹果XXS指环支架保护壳手机保护套,148.0,0,4,
oppor17手机壳pro玻璃镜面r15,11.8,10,4,
iphone苹果x手机壳xs玻璃max全,30.9,14,4,
vivoX21s手机壳vivo X23幻,19.6,219,4,
洽利iphone8手机壳真皮苹果7 pl,138.0,181,4,
双面玻璃华为p30手机壳p20pro,35.0,1,4,
xiaomi/小米黑鲨游戏手机壳气囊防摔,9.9,88,4,
华为mate7手机壳mate7保护套超薄,9.9,186,4,
vivo nex手机壳玻璃vivonex,39.0,25,4,
淘宝网,17.8,122,4,
韩风清新水果小米8手机壳8se青春版女款,11.4,334,4,
VIVOX9i手机壳vivo x9s翻盖,28.0,61,4,
iPhone8手机壳xsmax韩国女款潮,31.5,4,4,
XSMAX水钻苹果x手机壳XR蝴蝶结网红,39.0,9,4,
苹果6splus手机皮套翻盖插卡壳全包防,29.35,1,4,
YIYAYO 专柜 正品 爱丽丝 蕾丝兔 S号 2色,17.99,0,4,
汽车车载手机支架出风口4s店实用礼品定制,5.0,223,4,
新款iphonexs max苹果8plu,32.0,17,4,
苹果8plus手机壳新款iPhone7光,28.0,13,4,
奇酷360N7手机壳360N7pro真皮,108.0,0,4,
阿洋哥哥的奶油便利店丧系列x手机壳Bli,28.0,1,4,
iphoneX苹果xr/7/8/xs m,22.8,1,4,
一加7pro手机壳oneplus7保护套,17.8,16,4,
韩国LineFriends布朗熊苹果xs,68.0,1,4,
韩风清新水果play华为荣耀v20手机壳,11.4,425,4,
淘宝网,28.0,1,4,
OPPO R11S贴膜防爆高清手机保护玻,10.0,31,4,
Moshi摩仕苹果XR指环支架保护壳ip,138.0,0,4,
斜挎牛油果手机壳苹果x手机壳8plus磨,29.0,15,4,
c2lv1 vivox23手机壳x23幻,35.8,0,4,
瑞典 iDEAL OF SWEDEN I,238.0,8,4,
VOLSYS 华为mate7手机壳mat,18.9,119,4,
腕带支架iphoneX手机壳苹果XR软硅,19.4,1,4,
抖音网红iphone xs max手机壳苹果xsmax套9,68.0,99,4,
红米note7手机壳王源同款5plus男女6a阿丽塔,28.0,25,4,
Meitu美图M8s手机壳M8翻盖美图M,28.0,5,4,
华为JDN-W09/AL00荣耀平板2皮套防摔手机壳,48.0,1,4,
vivox20手机壳超薄vivo x21,16.8,181,4,
vivox20手机壳vivox9液态硅胶,23.0,615,4,
高清膜 手机保护膜 通用贴膜 万能膜 a,8.9,188,4,
韩商言李现同款苹果x手机壳老韩玻璃镜面i,11.8,4,4,
淘宝网,32.0,0,5,
迷你个性创意AirPods2保护套苹果无,28.0,18,5,
杭和楷原创可乐火箭男孩卡通苹果iphon,39.0,28,5,
双面玻璃防偷窥苹果Xr防窥手机壳透明,57.54,7,5,
nba乔丹苹果Xsmax手机壳6s磨砂软,76.0,21,5,
新款iphonexs手机壳气囊防摔 苹果,19.8,5,5,
苹果手机壳无边框 iPhone XS M,29.8,14,5,
保罗乔治苹果手机壳iphone7/8/7p/8p手机套,45.76,10,5,
双面玻璃苹果Xr手机壳防偷窥超薄透明,57.54,1,5,
苹果X手机壳硬壳简约XR超薄防摔iPhoneXMax,24.0,9112,5,
苹果8plus无边框手机壳iPhone7,26.8,160,5,
opporealmeX个性realmeX,16.8,7,5,
来图定制苹果7plus情侣手绘卡通8P手机壳潮6,57.82,57,5,
定制手机壳任意机型 照片制作diy型号定做,19.8,26553,5,
苹果x无边框手机壳磨砂透明iPhonex,26.8,1507,5,
手机群控支架工作室手游架微商多层可调苹果,26.24,37,5,
淘宝网,19.8,25,5,
卡通潮牌公仔iPhonex手机壳苹果8p,12.8,29,5,
Benks苹果X手机壳iPhoneXR轻,58.0,0,5,
布朗熊line苹果iphonexmax软硅胶透明手机壳,12.9,75,5,
苹果5s手机壳iphone5s保护套se,4.8,7,5,
iphone6手机壳硅胶苹果防摔潮男6splus女款,18.0,6787,5,
苹果水果菠萝牛油果草莓手机壳iphone,28.0,1,5,
苹果iphone x手机壳腕带款苹果 x,25.8,0,5,
费城76人队恩比德西蒙斯球衣款苹果iph,26.1,8,5,
荣耀v20手机壳个性创意超薄可爱网红全包潮,22.0,184,5,
巴斯光年iPhone6立体硅胶手机壳苹果,16.99,7,5,
牧石手工定制真皮苹果x日式菱格新款高档编,239.0,57,5,
波妞与宗介iPhoneXR透明手机壳6s,16.8,4,5,
vivox27手机壳x27pro全包防摔透明玻璃金属,55.0,309,5,
手机群控支架工作室手游架微商多层可调苹果,26.24,37,5,
苹果7plus手机壳硅胶苹果6splus手机套6s新,25.8,268,5,
淘宝网,135.0,11,5,
iphonexs max手机壳皮套翻盖苹果XR防摔男女,33.12,244,5,
一加7pro手机壳玻璃1+7卡通可爱,28.0,41,5,
麦麦米华为P30手机壳超薄新款P30pr,98.0,185,5,
苹果X手机壳iPhone XS Max蜂,38.0,5,5,
苹果x手机壳定制iphonex玻璃6s套,16.8,17128,5,
vivox20手机X20plus前后全包防摔高档p时尚a,20.5,1,5,
搞怪卡通猫抓老鼠苹果X手机壳iPhone,11.8,0,5,
任意型号来图定制手机壳订做照片硅胶玻璃女,19.8,14,5,
联想zuk z2手机壳z2pro保护套x,9.9,7,5,
可爱屁桃咬一口苹果数据线防折断保护套小动,8.99,2,5,
ins简约纯色苹果x手机软壳xrxsma,19.9,0,5,
vivox21手机壳硅胶手机套vivo全包lv2软壳,25.8,33,5,
日韩可爱卡通VIVOx21手机壳x23我,9.8,0,5,
华为p20手机壳男p20pro荣耀v20磁吸透明玻璃,45.0,148,5,
一加七PRO玻璃手机壳1+6T来图定制个,15.8,0,5,
淘宝网,15.8,0,5,
苹果xs手机壳液态硅胶iPhonexr超,23.8,10,5,
华为nova4手机壳真皮荣耀nova4限,65.0,0,5,
苹果8手机壳硅胶iphone8plus磨砂保护套软壳,15.9,1694,5,
华为nova4手机壳novo4e保护VCE-AL00硅胶,19.8,228,5,
简约富士山苹果XsMax手机壳iPhon,25.8,1,5,
苹果手机壳iphone7puls 可爱鸭,9.9,0,5,
黄色苹果x手机壳iphone7/8plu,19.8,1,5,
华为P20手机壳字母p20 pro保护套,25.8,18,5,
华为Nova5/4/3手机壳Mate20,18.7,0,5,
可爱小猪8plus苹果x手机壳iphon,23.8,23,5,
LED摄影灯口袋手持便携直播外拍单反手机,168.0,4,5,
vivo X27手机壳x27pro保护壳vivo x23全包壳,19.0,1,5,
vivo z5x手机壳防摔Z3X软硅胶全,22.0,3,5,
复古爱心金箔vivoy85手机壳y66y,25.6,0,5,
零钱包苹果x手机壳iPhonexr斜跨包,19.8,0,5,
淘宝网,19.8,0,5,
kaws华为P20/P30苹果X6s手机,23.8,5,5,
苹果7钢化玻璃手机壳8Plus镜面保护套,19.99,16,5,
猿人头nba联名iPhonexsmax手,19.8,58,5,
小米9手机壳浮雕硅胶防摔软壳MI9卡通粉,16.9,1,5,
布朗熊钢化玻璃MAX苹果iphone手机壳78P包邮,19.8,51,5,
苹果手机壳液态硅胶iPhone6plus,23.8,13,5,
off ow white 19ss基础条,99.0,18,5,
ViVo Y85手机壳卡通Y85粉红豹V,14.9,6,5,
麦麦米华为P30手机壳新款简约商务布纹P,128.0,33,5,
vivox27手机壳x23幻彩版y66潮,16.8,7,5,
华为荣耀20手机壳honor20i腕带V,19.8,534,5,
简约大气苹果xsmax手机壳带支架绿色i,26.0,0,5,
华为Nova4手机壳字母nova4e保护,25.8,32,5,
OPPOR17手机壳玻璃opopr17一,19.8,0,5,
小米note3钢化玻璃手机壳note2镜,19.99,18,5,
淘宝网,19.8,0,5,
vivox21手机壳x21玻璃软壳硅胶x,24.9,0,5,
华为P30Pro磨砂手机壳轻薄防摔不沾指纹,25.0,1,5,
华为Magic2手机壳荣耀Magic2保,19.8,5,5,
SPIGEN韩国原装苹果X手机壳透明硅胶,128.0,0,5,
日系老牛吃嫩草iPhone7手机壳苹果x,25.88,2,5,
LongFnge琅坊阁苹果xr卡通手机壳,128.0,0,5,
苹果x新款磨砂手机壳xr网红xsmax软,19.98,1,5,
步步高vivo nex钢化玻璃手机壳iq,24.99,1,5,
一加6钢化软膜全屏覆盖6T手机膜1+3t,10.15,19,5,
钢铁侠立体条纹iphone7苹果xs m,16.8,0,5,
ins风苹果xr手机壳网红潮牌iphonex手机壳男,128.0,151,5,
现货即发vivoNEX双屏版前后全包手机壳,48.0,2723,5,
ins风彩虹英文笑脸vivoX27手机壳,16.8,1,5,
华为荣耀8手机壳honor8青春版保护套,11.8,501,5,
苹果8手机壳ipone7plus手机壳苹,19.5,17,5,
淘宝网,5.8,10,5,
汉堡冰淇淋小恐龙Xs Max苹果7/8p,18.0,0,5,
OPPO Reno手机套挂绳挂脖蜜蜂保护,25.8,23,5,
华为Mate9手机壳原装厂摩卡金保护套m,18.0,42,5,
iphoneXsMax苹果Xs手机套iphone x软壳指环,36.0,1321,5,
joyroom vivox6手机壳viv,25.0,0,5,
vivox20手机壳x20plus保护套x20a软壳,14.8,1,5,
苹果7手机壳女iPhone8手机套i8全,19.4,4,5,
乐视max2手机壳四角气囊防摔X820保,9.9,239,5,
卡通动物华为p20手机壳p30原创mat,19.98,0,5,
VIVOX27手机壳送全屏钢化膜X23防,16.8,0,5,
VIVOX20手机壳X20Plus保护套,9.9,1392,5,
苹果X手机壳液态硅胶防摔,78.1,29,5,
抖音同款苹果xsmax手机壳斜挎背带挂脖,31.36,1,5,
明星同款苹果手机壳网红狗狗表情包iPho,25.0,0,5,
ins滴胶彩虹iphone8plus苹果xsmax软壳xr,20.0,0,5,
淘宝网,25.74,5,5,
LED摄影灯口袋手持便携直播外拍单反手机,168.0,4,5,
苹果iphone透明玻璃手机壳 黑色 渐变粉红色,22.0,51,5,
通用手机背贴卡套公交门禁卡袋超薄卡包插卡,19.9,11,5,
华为P30Pro军事防摔手机壳盔甲P30,35.0,1,5,
OPPORENO手机壳送全屏钢化膜R9S,16.8,0,5,
李现同款心态超好xs max苹果X手机壳,18.9,0,5,
Moshi摩仕苹果XXS指环支架保护壳手机保护套,148.0,0,5,
oppor17手机壳pro玻璃镜面r15,11.8,10,5,
iphone苹果x手机壳xs玻璃max全,30.9,14,5,
vivoX21s手机壳vivo X23幻,19.6,219,5,
洽利iphone8手机壳真皮苹果7 pl,138.0,181,5,
双面玻璃华为p30手机壳p20pro,35.0,1,5,
xiaomi/小米黑鲨游戏手机壳气囊防摔,9.9,88,5,
华为mate7手机壳mate7保护套超薄,9.9,186,5,
vivo nex手机壳玻璃vivonex,39.0,25,5,
淘宝网,17.8,122,5,
韩风清新水果小米8手机壳8se青春版女款,11.4,334,5,
VIVOX9i手机壳vivo x9s翻盖,28.0,61,5,
iPhone8手机壳xsmax韩国女款潮,31.5,4,5,
XSMAX水钻苹果x手机壳XR蝴蝶结网红,39.0,9,5,
苹果6splus手机皮套翻盖插卡壳全包防,29.35,1,5,
YIYAYO 专柜 正品 爱丽丝 蕾丝兔 S号 2色,17.99,0,5,
汽车车载手机支架出风口4s店实用礼品定制,5.0,223,5,
新款iphonexs max苹果8plu,32.0,17,5,
苹果8plus手机壳新款iPhone7光,28.0,13,5,
奇酷360N7手机壳360N7pro真皮,108.0,0,5,
阿洋哥哥的奶油便利店丧系列x手机壳Bli,28.0,1,5,
iphoneX苹果xr/7/8/xs m,22.8,1,5,
一加7pro手机壳oneplus7保护套,17.8,16,5,
韩国LineFriends布朗熊苹果xs,68.0,1,5,
韩风清新水果play华为荣耀v20手机壳,11.4,425,5,
淘宝网,28.0,1,5,
OPPO R11S贴膜防爆高清手机保护玻,10.0,31,5,
Moshi摩仕苹果XR指环支架保护壳ip,138.0,0,5,
斜挎牛油果手机壳苹果x手机壳8plus磨,29.0,15,5,
c2lv1 vivox23手机壳x23幻,35.8,0,5,
瑞典 iDEAL OF SWEDEN I,238.0,8,5,
VOLSYS 华为mate7手机壳mat,18.9,119,5,
腕带支架iphoneX手机壳苹果XR软硅,19.4,1,5,
抖音网红iphone xs max手机壳苹果xsmax套9,68.0,99,5,
红米note7手机壳王源同款5plus男女6a阿丽塔,28.0,25,5,
Meitu美图M8s手机壳M8翻盖美图M,28.0,5,5,
华为JDN-W09/AL00荣耀平板2皮套防摔手机壳,48.0,1,5,
vivox20手机壳超薄vivo x21,16.8,181,5,
vivox20手机壳vivox9液态硅胶,23.0,615,5,
高清膜 手机保护膜 通用贴膜 万能膜 a,8.9,188,5,
韩商言李现同款苹果x手机壳老韩玻璃镜面i,11.8,4,5,
淘宝网,32.0,0,6,
迷你个性创意AirPods2保护套苹果无,28.0,18,6,
杭和楷原创可乐火箭男孩卡通苹果iphon,39.0,28,6,
双面玻璃防偷窥苹果Xr防窥手机壳透明,57.54,7,6,
nba乔丹苹果Xsmax手机壳6s磨砂软,76.0,21,6,
新款iphonexs手机壳气囊防摔 苹果,19.8,5,6,
苹果手机壳无边框 iPhone XS M,29.8,14,6,
保罗乔治苹果手机壳iphone7/8/7p/8p手机套,45.76,10,6,
双面玻璃苹果Xr手机壳防偷窥超薄透明,57.54,1,6,
苹果X手机壳硬壳简约XR超薄防摔iPhoneXMax,24.0,9112,6,
苹果8plus无边框手机壳iPhone7,26.8,160,6,
opporealmeX个性realmeX,16.8,7,6,
来图定制苹果7plus情侣手绘卡通8P手机壳潮6,57.82,57,6,
定制手机壳任意机型 照片制作diy型号定做,19.8,26553,6,
苹果x无边框手机壳磨砂透明iPhonex,26.8,1507,6,
手机群控支架工作室手游架微商多层可调苹果,26.24,37,6,
淘宝网,19.8,25,6,
卡通潮牌公仔iPhonex手机壳苹果8p,12.8,29,6,
Benks苹果X手机壳iPhoneXR轻,58.0,0,6,
布朗熊line苹果iphonexmax软硅胶透明手机壳,12.9,75,6,
苹果5s手机壳iphone5s保护套se,4.8,7,6,
iphone6手机壳硅胶苹果防摔潮男6splus女款,18.0,6787,6,
苹果水果菠萝牛油果草莓手机壳iphone,28.0,1,6,
苹果iphone x手机壳腕带款苹果 x,25.8,0,6,
费城76人队恩比德西蒙斯球衣款苹果iph,26.1,8,6,
荣耀v20手机壳个性创意超薄可爱网红全包潮,22.0,184,6,
巴斯光年iPhone6立体硅胶手机壳苹果,16.99,7,6,
牧石手工定制真皮苹果x日式菱格新款高档编,239.0,57,6,
波妞与宗介iPhoneXR透明手机壳6s,16.8,4,6,
vivox27手机壳x27pro全包防摔透明玻璃金属,55.0,309,6,
手机群控支架工作室手游架微商多层可调苹果,26.24,37,6,
苹果7plus手机壳硅胶苹果6splus手机套6s新,25.8,268,6,
淘宝网,135.0,11,6,
iphonexs max手机壳皮套翻盖苹果XR防摔男女,33.12,244,6,
一加7pro手机壳玻璃1+7卡通可爱,28.0,41,6,
麦麦米华为P30手机壳超薄新款P30pr,98.0,185,6,
苹果X手机壳iPhone XS Max蜂,38.0,5,6,
苹果x手机壳定制iphonex玻璃6s套,16.8,17128,6,
vivox20手机X20plus前后全包防摔高档p时尚a,20.5,1,6,
搞怪卡通猫抓老鼠苹果X手机壳iPhone,11.8,0,6,
任意型号来图定制手机壳订做照片硅胶玻璃女,19.8,14,6,
联想zuk z2手机壳z2pro保护套x,9.9,7,6,
可爱屁桃咬一口苹果数据线防折断保护套小动,8.99,2,6,
ins简约纯色苹果x手机软壳xrxsma,19.9,0,6,
vivox21手机壳硅胶手机套vivo全包lv2软壳,25.8,33,6,
日韩可爱卡通VIVOx21手机壳x23我,9.8,0,6,
华为p20手机壳男p20pro荣耀v20磁吸透明玻璃,45.0,148,6,
一加七PRO玻璃手机壳1+6T来图定制个,15.8,0,6,
淘宝网,15.8,0,6,
苹果xs手机壳液态硅胶iPhonexr超,23.8,10,6,
华为nova4手机壳真皮荣耀nova4限,65.0,0,6,
苹果8手机壳硅胶iphone8plus磨砂保护套软壳,15.9,1694,6,
华为nova4手机壳novo4e保护VCE-AL00硅胶,19.8,228,6,
简约富士山苹果XsMax手机壳iPhon,25.8,1,6,
苹果手机壳iphone7puls 可爱鸭,9.9,0,6,
黄色苹果x手机壳iphone7/8plu,19.8,1,6,
华为P20手机壳字母p20 pro保护套,25.8,18,6,
华为Nova5/4/3手机壳Mate20,18.7,0,6,
可爱小猪8plus苹果x手机壳iphon,23.8,23,6,
LED摄影灯口袋手持便携直播外拍单反手机,168.0,4,6,
vivo X27手机壳x27pro保护壳vivo x23全包壳,19.0,1,6,
vivo z5x手机壳防摔Z3X软硅胶全,22.0,3,6,
复古爱心金箔vivoy85手机壳y66y,25.6,0,6,
零钱包苹果x手机壳iPhonexr斜跨包,19.8,0,6,
淘宝网,19.8,0,6,
kaws华为P20/P30苹果X6s手机,23.8,5,6,
苹果7钢化玻璃手机壳8Plus镜面保护套,19.99,16,6,
猿人头nba联名iPhonexsmax手,19.8,58,6,
小米9手机壳浮雕硅胶防摔软壳MI9卡通粉,16.9,1,6,
布朗熊钢化玻璃MAX苹果iphone手机壳78P包邮,19.8,51,6,
苹果手机壳液态硅胶iPhone6plus,23.8,13,6,
off ow white 19ss基础条,99.0,18,6,
ViVo Y85手机壳卡通Y85粉红豹V,14.9,6,6,
麦麦米华为P30手机壳新款简约商务布纹P,128.0,33,6,
vivox27手机壳x23幻彩版y66潮,16.8,7,6,
华为荣耀20手机壳honor20i腕带V,19.8,534,6,
简约大气苹果xsmax手机壳带支架绿色i,26.0,0,6,
华为Nova4手机壳字母nova4e保护,25.8,32,6,
OPPOR17手机壳玻璃opopr17一,19.8,0,6,
小米note3钢化玻璃手机壳note2镜,19.99,18,6,
淘宝网,19.8,0,6,
vivox21手机壳x21玻璃软壳硅胶x,24.9,0,6,
华为P30Pro磨砂手机壳轻薄防摔不沾指纹,25.0,1,6,
华为Magic2手机壳荣耀Magic2保,19.8,5,6,
SPIGEN韩国原装苹果X手机壳透明硅胶,128.0,0,6,
日系老牛吃嫩草iPhone7手机壳苹果x,25.88,2,6,
LongFnge琅坊阁苹果xr卡通手机壳,128.0,0,6,
苹果x新款磨砂手机壳xr网红xsmax软,19.98,1,6,
步步高vivo nex钢化玻璃手机壳iq,24.99,1,6,
一加6钢化软膜全屏覆盖6T手机膜1+3t,10.15,19,6,
钢铁侠立体条纹iphone7苹果xs m,16.8,0,6,
ins风苹果xr手机壳网红潮牌iphonex手机壳男,128.0,151,6,
现货即发vivoNEX双屏版前后全包手机壳,48.0,2723,6,
ins风彩虹英文笑脸vivoX27手机壳,16.8,1,6,
华为荣耀8手机壳honor8青春版保护套,11.8,501,6,
苹果8手机壳ipone7plus手机壳苹,19.5,17,6,
淘宝网,5.8,10,6,
汉堡冰淇淋小恐龙Xs Max苹果7/8p,18.0,0,6,
OPPO Reno手机套挂绳挂脖蜜蜂保护,25.8,23,6,
华为Mate9手机壳原装厂摩卡金保护套m,18.0,42,6,
iphoneXsMax苹果Xs手机套iphone x软壳指环,36.0,1321,6,
joyroom vivox6手机壳viv,25.0,0,6,
vivox20手机壳x20plus保护套x20a软壳,14.8,1,6,
苹果7手机壳女iPhone8手机套i8全,19.4,4,6,
乐视max2手机壳四角气囊防摔X820保,9.9,239,6,
卡通动物华为p20手机壳p30原创mat,19.98,0,6,
VIVOX27手机壳送全屏钢化膜X23防,16.8,0,6,
VIVOX20手机壳X20Plus保护套,9.9,1392,6,
苹果X手机壳液态硅胶防摔,78.1,29,6,
抖音同款苹果xsmax手机壳斜挎背带挂脖,31.36,1,6,
明星同款苹果手机壳网红狗狗表情包iPho,25.0,0,6,
ins滴胶彩虹iphone8plus苹果xsmax软壳xr,20.0,0,6,
淘宝网,25.74,5,6,
LED摄影灯口袋手持便携直播外拍单反手机,168.0,4,6,
苹果iphone透明玻璃手机壳 黑色 渐变粉红色,22.0,51,6,
通用手机背贴卡套公交门禁卡袋超薄卡包插卡,19.9,11,6,
华为P30Pro军事防摔手机壳盔甲P30,35.0,1,6,
OPPORENO手机壳送全屏钢化膜R9S,16.8,0,6,
李现同款心态超好xs max苹果X手机壳,18.9,0,6,
Moshi摩仕苹果XXS指环支架保护壳手机保护套,148.0,0,6,
oppor17手机壳pro玻璃镜面r15,11.8,10,6,
iphone苹果x手机壳xs玻璃max全,30.9,14,6,
vivoX21s手机壳vivo X23幻,19.6,219,6,
洽利iphone8手机壳真皮苹果7 pl,138.0,181,6,
双面玻璃华为p30手机壳p20pro,35.0,1,6,
xiaomi/小米黑鲨游戏手机壳气囊防摔,9.9,88,6,
华为mate7手机壳mate7保护套超薄,9.9,186,6,
vivo nex手机壳玻璃vivonex,39.0,25,6,
淘宝网,17.8,122,6,
韩风清新水果小米8手机壳8se青春版女款,11.4,334,6,
VIVOX9i手机壳vivo x9s翻盖,28.0,61,6,
iPhone8手机壳xsmax韩国女款潮,31.5,4,6,
XSMAX水钻苹果x手机壳XR蝴蝶结网红,39.0,9,6,
苹果6splus手机皮套翻盖插卡壳全包防,29.35,1,6,
YIYAYO 专柜 正品 爱丽丝 蕾丝兔 S号 2色,17.99,0,6,
汽车车载手机支架出风口4s店实用礼品定制,5.0,223,6,
新款iphonexs max苹果8plu,32.0,17,6,
苹果8plus手机壳新款iPhone7光,28.0,13,6,
奇酷360N7手机壳360N7pro真皮,108.0,0,6,
阿洋哥哥的奶油便利店丧系列x手机壳Bli,28.0,1,6,
iphoneX苹果xr/7/8/xs m,22.8,1,6,
一加7pro手机壳oneplus7保护套,17.8,16,6,
韩国LineFriends布朗熊苹果xs,68.0,1,6,
韩风清新水果play华为荣耀v20手机壳,11.4,425,6,
淘宝网,28.0,1,6,
OPPO R11S贴膜防爆高清手机保护玻,10.0,31,6,
Moshi摩仕苹果XR指环支架保护壳ip,138.0,0,6,
斜挎牛油果手机壳苹果x手机壳8plus磨,29.0,15,6,
c2lv1 vivox23手机壳x23幻,35.8,0,6,
瑞典 iDEAL OF SWEDEN I,238.0,8,6,
VOLSYS 华为mate7手机壳mat,18.9,119,6,
腕带支架iphoneX手机壳苹果XR软硅,19.4,1,6,
抖音网红iphone xs max手机壳苹果xsmax套9,68.0,99,6,
红米note7手机壳王源同款5plus男女6a阿丽塔,28.0,25,6,
Meitu美图M8s手机壳M8翻盖美图M,28.0,5,6,
华为JDN-W09/AL00荣耀平板2皮套防摔手机壳,48.0,1,6,
vivox20手机壳超薄vivo x21,16.8,181,6,
vivox20手机壳vivox9液态硅胶,23.0,615,6,
高清膜 手机保护膜 通用贴膜 万能膜 a,8.9,188,6,
韩商言李现同款苹果x手机壳老韩玻璃镜面i,11.8,4,6,
淘宝网,32.0,0,7,
迷你个性创意AirPods2保护套苹果无,28.0,18,7,
杭和楷原创可乐火箭男孩卡通苹果iphon,39.0,28,7,
双面玻璃防偷窥苹果Xr防窥手机壳透明,57.54,7,7,
nba乔丹苹果Xsmax手机壳6s磨砂软,76.0,21,7,
新款iphonexs手机壳气囊防摔 苹果,19.8,5,7,
苹果手机壳无边框 iPhone XS M,29.8,14,7,
保罗乔治苹果手机壳iphone7/8/7p/8p手机套,45.76,10,7,
双面玻璃苹果Xr手机壳防偷窥超薄透明,57.54,1,7,
苹果X手机壳硬壳简约XR超薄防摔iPhoneXMax,24.0,9112,7,
苹果8plus无边框手机壳iPhone7,26.8,160,7,
opporealmeX个性realmeX,16.8,7,7,
来图定制苹果7plus情侣手绘卡通8P手机壳潮6,57.82,57,7,
定制手机壳任意机型 照片制作diy型号定做,19.8,26553,7,
苹果x无边框手机壳磨砂透明iPhonex,26.8,1507,7,
手机群控支架工作室手游架微商多层可调苹果,26.24,37,7,
淘宝网,19.8,25,7,
卡通潮牌公仔iPhonex手机壳苹果8p,12.8,29,7,
Benks苹果X手机壳iPhoneXR轻,58.0,0,7,
布朗熊line苹果iphonexmax软硅胶透明手机壳,12.9,75,7,
苹果5s手机壳iphone5s保护套se,4.8,7,7,
iphone6手机壳硅胶苹果防摔潮男6splus女款,18.0,6787,7,
苹果水果菠萝牛油果草莓手机壳iphone,28.0,1,7,
苹果iphone x手机壳腕带款苹果 x,25.8,0,7,
费城76人队恩比德西蒙斯球衣款苹果iph,26.1,8,7,
荣耀v20手机壳个性创意超薄可爱网红全包潮,22.0,184,7,
巴斯光年iPhone6立体硅胶手机壳苹果,16.99,7,7,
牧石手工定制真皮苹果x日式菱格新款高档编,239.0,57,7,
波妞与宗介iPhoneXR透明手机壳6s,16.8,4,7,
vivox27手机壳x27pro全包防摔透明玻璃金属,55.0,309,7,
手机群控支架工作室手游架微商多层可调苹果,26.24,37,7,
苹果7plus手机壳硅胶苹果6splus手机套6s新,25.8,268,7,
淘宝网,135.0,11,7,
iphonexs max手机壳皮套翻盖苹果XR防摔男女,33.12,244,7,
一加7pro手机壳玻璃1+7卡通可爱,28.0,41,7,
麦麦米华为P30手机壳超薄新款P30pr,98.0,185,7,
苹果X手机壳iPhone XS Max蜂,38.0,5,7,
苹果x手机壳定制iphonex玻璃6s套,16.8,17128,7,
vivox20手机X20plus前后全包防摔高档p时尚a,20.5,1,7,
搞怪卡通猫抓老鼠苹果X手机壳iPhone,11.8,0,7,
任意型号来图定制手机壳订做照片硅胶玻璃女,19.8,14,7,
联想zuk z2手机壳z2pro保护套x,9.9,7,7,
可爱屁桃咬一口苹果数据线防折断保护套小动,8.99,2,7,
ins简约纯色苹果x手机软壳xrxsma,19.9,0,7,
vivox21手机壳硅胶手机套vivo全包lv2软壳,25.8,33,7,
日韩可爱卡通VIVOx21手机壳x23我,9.8,0,7,
华为p20手机壳男p20pro荣耀v20磁吸透明玻璃,45.0,148,7,
一加七PRO玻璃手机壳1+6T来图定制个,15.8,0,7,
淘宝网,15.8,0,7,
苹果xs手机壳液态硅胶iPhonexr超,23.8,10,7,
华为nova4手机壳真皮荣耀nova4限,65.0,0,7,
苹果8手机壳硅胶iphone8plus磨砂保护套软壳,15.9,1694,7,
华为nova4手机壳novo4e保护VCE-AL00硅胶,19.8,228,7,
简约富士山苹果XsMax手机壳iPhon,25.8,1,7,
苹果手机壳iphone7puls 可爱鸭,9.9,0,7,
黄色苹果x手机壳iphone7/8plu,19.8,1,7,
华为P20手机壳字母p20 pro保护套,25.8,18,7,
华为Nova5/4/3手机壳Mate20,18.7,0,7,
可爱小猪8plus苹果x手机壳iphon,23.8,23,7,
LED摄影灯口袋手持便携直播外拍单反手机,168.0,4,7,
vivo X27手机壳x27pro保护壳vivo x23全包壳,19.0,1,7,
vivo z5x手机壳防摔Z3X软硅胶全,22.0,3,7,
复古爱心金箔vivoy85手机壳y66y,25.6,0,7,
零钱包苹果x手机壳iPhonexr斜跨包,19.8,0,7,
淘宝网,19.8,0,7,
kaws华为P20/P30苹果X6s手机,23.8,5,7,
苹果7钢化玻璃手机壳8Plus镜面保护套,19.99,16,7,
猿人头nba联名iPhonexsmax手,19.8,58,7,
小米9手机壳浮雕硅胶防摔软壳MI9卡通粉,16.9,1,7,
布朗熊钢化玻璃MAX苹果iphone手机壳78P包邮,19.8,51,7,
苹果手机壳液态硅胶iPhone6plus,23.8,13,7,
off ow white 19ss基础条,99.0,18,7,
ViVo Y85手机壳卡通Y85粉红豹V,14.9,6,7,
麦麦米华为P30手机壳新款简约商务布纹P,128.0,33,7,
vivox27手机壳x23幻彩版y66潮,16.8,7,7,
华为荣耀20手机壳honor20i腕带V,19.8,534,7,
简约大气苹果xsmax手机壳带支架绿色i,26.0,0,7,
华为Nova4手机壳字母nova4e保护,25.8,32,7,
OPPOR17手机壳玻璃opopr17一,19.8,0,7,
小米note3钢化玻璃手机壳note2镜,19.99,18,7,
淘宝网,19.8,0,7,
vivox21手机壳x21玻璃软壳硅胶x,24.9,0,7,
华为P30Pro磨砂手机壳轻薄防摔不沾指纹,25.0,1,7,
华为Magic2手机壳荣耀Magic2保,19.8,5,7,
SPIGEN韩国原装苹果X手机壳透明硅胶,128.0,0,7,
日系老牛吃嫩草iPhone7手机壳苹果x,25.88,2,7,
LongFnge琅坊阁苹果xr卡通手机壳,128.0,0,7,
苹果x新款磨砂手机壳xr网红xsmax软,19.98,1,7,
步步高vivo nex钢化玻璃手机壳iq,24.99,1,7,
一加6钢化软膜全屏覆盖6T手机膜1+3t,10.15,19,7,
钢铁侠立体条纹iphone7苹果xs m,16.8,0,7,
ins风苹果xr手机壳网红潮牌iphonex手机壳男,128.0,151,7,
现货即发vivoNEX双屏版前后全包手机壳,48.0,2723,7,
ins风彩虹英文笑脸vivoX27手机壳,16.8,1,7,
华为荣耀8手机壳honor8青春版保护套,11.8,501,7,
苹果8手机壳ipone7plus手机壳苹,19.5,17,7,
淘宝网,5.8,10,7,
汉堡冰淇淋小恐龙Xs Max苹果7/8p,18.0,0,7,
OPPO Reno手机套挂绳挂脖蜜蜂保护,25.8,23,7,
华为Mate9手机壳原装厂摩卡金保护套m,18.0,42,7,
iphoneXsMax苹果Xs手机套iphone x软壳指环,36.0,1321,7,
joyroom vivox6手机壳viv,25.0,0,7,
vivox20手机壳x20plus保护套x20a软壳,14.8,1,7,
苹果7手机壳女iPhone8手机套i8全,19.4,4,7,
乐视max2手机壳四角气囊防摔X820保,9.9,239,7,
卡通动物华为p20手机壳p30原创mat,19.98,0,7,
VIVOX27手机壳送全屏钢化膜X23防,16.8,0,7,
VIVOX20手机壳X20Plus保护套,9.9,1392,7,
苹果X手机壳液态硅胶防摔,78.1,29,7,
抖音同款苹果xsmax手机壳斜挎背带挂脖,31.36,1,7,
明星同款苹果手机壳网红狗狗表情包iPho,25.0,0,7,
ins滴胶彩虹iphone8plus苹果xsmax软壳xr,20.0,0,7,
淘宝网,25.74,5,7,
LED摄影灯口袋手持便携直播外拍单反手机,168.0,4,7,
苹果iphone透明玻璃手机壳 黑色 渐变粉红色,22.0,51,7,
通用手机背贴卡套公交门禁卡袋超薄卡包插卡,19.9,11,7,
华为P30Pro军事防摔手机壳盔甲P30,35.0,1,7,
OPPORENO手机壳送全屏钢化膜R9S,16.8,0,7,
李现同款心态超好xs max苹果X手机壳,18.9,0,7,
Moshi摩仕苹果XXS指环支架保护壳手机保护套,148.0,0,7,
oppor17手机壳pro玻璃镜面r15,11.8,10,7,
iphone苹果x手机壳xs玻璃max全,30.9,14,7,
vivoX21s手机壳vivo X23幻,19.6,219,7,
洽利iphone8手机壳真皮苹果7 pl,138.0,181,7,
双面玻璃华为p30手机壳p20pro,35.0,1,7,
xiaomi/小米黑鲨游戏手机壳气囊防摔,9.9,88,7,
华为mate7手机壳mate7保护套超薄,9.9,186,7,
vivo nex手机壳玻璃vivonex,39.0,25,7,
淘宝网,17.8,122,7,
韩风清新水果小米8手机壳8se青春版女款,11.4,334,7,
VIVOX9i手机壳vivo x9s翻盖,28.0,61,7,
iPhone8手机壳xsmax韩国女款潮,31.5,4,7,
XSMAX水钻苹果x手机壳XR蝴蝶结网红,39.0,9,7,
苹果6splus手机皮套翻盖插卡壳全包防,29.35,1,7,
YIYAYO 专柜 正品 爱丽丝 蕾丝兔 S号 2色,17.99,0,7,
汽车车载手机支架出风口4s店实用礼品定制,5.0,223,7,
新款iphonexs max苹果8plu,32.0,17,7,
苹果8plus手机壳新款iPhone7光,28.0,13,7,
奇酷360N7手机壳360N7pro真皮,108.0,0,7,
阿洋哥哥的奶油便利店丧系列x手机壳Bli,28.0,1,7,
iphoneX苹果xr/7/8/xs m,22.8,1,7,
一加7pro手机壳oneplus7保护套,17.8,16,7,
韩国LineFriends布朗熊苹果xs,68.0,1,7,
韩风清新水果play华为荣耀v20手机壳,11.4,425,7,
淘宝网,28.0,1,7,
OPPO R11S贴膜防爆高清手机保护玻,10.0,31,7,
Moshi摩仕苹果XR指环支架保护壳ip,138.0,0,7,
斜挎牛油果手机壳苹果x手机壳8plus磨,29.0,15,7,
c2lv1 vivox23手机壳x23幻,35.8,0,7,
瑞典 iDEAL OF SWEDEN I,238.0,8,7,
VOLSYS 华为mate7手机壳mat,18.9,119,7,
腕带支架iphoneX手机壳苹果XR软硅,19.4,1,7,
抖音网红iphone xs max手机壳苹果xsmax套9,68.0,99,7,
红米note7手机壳王源同款5plus男女6a阿丽塔,28.0,25,7,
Meitu美图M8s手机壳M8翻盖美图M,28.0,5,7,
华为JDN-W09/AL00荣耀平板2皮套防摔手机壳,48.0,1,7,
vivox20手机壳超薄vivo x21,16.8,181,7,
vivox20手机壳vivox9液态硅胶,23.0,615,7,
高清膜 手机保护膜 通用贴膜 万能膜 a,8.9,188,7,
韩商言李现同款苹果x手机壳老韩玻璃镜面i,11.8,4,7,
淘宝网,32.0,0,8,
迷你个性创意AirPods2保护套苹果无,28.0,18,8,
杭和楷原创可乐火箭男孩卡通苹果iphon,39.0,28,8,
双面玻璃防偷窥苹果Xr防窥手机壳透明,57.54,7,8,
nba乔丹苹果Xsmax手机壳6s磨砂软,76.0,21,8,
新款iphonexs手机壳气囊防摔 苹果,19.8,5,8,
苹果手机壳无边框 iPhone XS M,29.8,14,8,
保罗乔治苹果手机壳iphone7/8/7p/8p手机套,45.76,10,8,
双面玻璃苹果Xr手机壳防偷窥超薄透明,57.54,1,8,
苹果X手机壳硬壳简约XR超薄防摔iPhoneXMax,24.0,9112,8,
苹果8plus无边框手机壳iPhone7,26.8,160,8,
opporealmeX个性realmeX,16.8,7,8,
来图定制苹果7plus情侣手绘卡通8P手机壳潮6,57.82,57,8,
定制手机壳任意机型 照片制作diy型号定做,19.8,26553,8,
苹果x无边框手机壳磨砂透明iPhonex,26.8,1507,8,
手机群控支架工作室手游架微商多层可调苹果,26.24,37,8,
淘宝网,19.8,25,8,
卡通潮牌公仔iPhonex手机壳苹果8p,12.8,29,8,
Benks苹果X手机壳iPhoneXR轻,58.0,0,8,
布朗熊line苹果iphonexmax软硅胶透明手机壳,12.9,75,8,
苹果5s手机壳iphone5s保护套se,4.8,7,8,
iphone6手机壳硅胶苹果防摔潮男6splus女款,18.0,6787,8,
苹果水果菠萝牛油果草莓手机壳iphone,28.0,1,8,
苹果iphone x手机壳腕带款苹果 x,25.8,0,8,
费城76人队恩比德西蒙斯球衣款苹果iph,26.1,8,8,
荣耀v20手机壳个性创意超薄可爱网红全包潮,22.0,184,8,
巴斯光年iPhone6立体硅胶手机壳苹果,16.99,7,8,
牧石手工定制真皮苹果x日式菱格新款高档编,239.0,57,8,
波妞与宗介iPhoneXR透明手机壳6s,16.8,4,8,
vivox27手机壳x27pro全包防摔透明玻璃金属,55.0,309,8,
手机群控支架工作室手游架微商多层可调苹果,26.24,37,8,
苹果7plus手机壳硅胶苹果6splus手机套6s新,25.8,268,8,
淘宝网,135.0,11,8,
iphonexs max手机壳皮套翻盖苹果XR防摔男女,33.12,244,8,
一加7pro手机壳玻璃1+7卡通可爱,28.0,41,8,
麦麦米华为P30手机壳超薄新款P30pr,98.0,185,8,
苹果X手机壳iPhone XS Max蜂,38.0,5,8,
苹果x手机壳定制iphonex玻璃6s套,16.8,17128,8,
vivox20手机X20plus前后全包防摔高档p时尚a,20.5,1,8,
搞怪卡通猫抓老鼠苹果X手机壳iPhone,11.8,0,8,
任意型号来图定制手机壳订做照片硅胶玻璃女,19.8,14,8,
联想zuk z2手机壳z2pro保护套x,9.9,7,8,
可爱屁桃咬一口苹果数据线防折断保护套小动,8.99,2,8,
ins简约纯色苹果x手机软壳xrxsma,19.9,0,8,
vivox21手机壳硅胶手机套vivo全包lv2软壳,25.8,33,8,
日韩可爱卡通VIVOx21手机壳x23我,9.8,0,8,
华为p20手机壳男p20pro荣耀v20磁吸透明玻璃,45.0,148,8,
一加七PRO玻璃手机壳1+6T来图定制个,15.8,0,8,
淘宝网,15.8,0,8,
苹果xs手机壳液态硅胶iPhonexr超,23.8,10,8,
华为nova4手机壳真皮荣耀nova4限,65.0,0,8,
苹果8手机壳硅胶iphone8plus磨砂保护套软壳,15.9,1694,8,
华为nova4手机壳novo4e保护VCE-AL00硅胶,19.8,228,8,
简约富士山苹果XsMax手机壳iPhon,25.8,1,8,
苹果手机壳iphone7puls 可爱鸭,9.9,0,8,
黄色苹果x手机壳iphone7/8plu,19.8,1,8,
华为P20手机壳字母p20 pro保护套,25.8,18,8,
华为Nova5/4/3手机壳Mate20,18.7,0,8,
可爱小猪8plus苹果x手机壳iphon,23.8,23,8,
LED摄影灯口袋手持便携直播外拍单反手机,168.0,4,8,
vivo X27手机壳x27pro保护壳vivo x23全包壳,19.0,1,8,
vivo z5x手机壳防摔Z3X软硅胶全,22.0,3,8,
复古爱心金箔vivoy85手机壳y66y,25.6,0,8,
零钱包苹果x手机壳iPhonexr斜跨包,19.8,0,8,
淘宝网,19.8,0,8,
kaws华为P20/P30苹果X6s手机,23.8,5,8,
苹果7钢化玻璃手机壳8Plus镜面保护套,19.99,16,8,
猿人头nba联名iPhonexsmax手,19.8,58,8,
小米9手机壳浮雕硅胶防摔软壳MI9卡通粉,16.9,1,8,
布朗熊钢化玻璃MAX苹果iphone手机壳78P包邮,19.8,51,8,
苹果手机壳液态硅胶iPhone6plus,23.8,13,8,
off ow white 19ss基础条,99.0,18,8,
ViVo Y85手机壳卡通Y85粉红豹V,14.9,6,8,
麦麦米华为P30手机壳新款简约商务布纹P,128.0,33,8,
vivox27手机壳x23幻彩版y66潮,16.8,7,8,
华为荣耀20手机壳honor20i腕带V,19.8,534,8,
简约大气苹果xsmax手机壳带支架绿色i,26.0,0,8,
华为Nova4手机壳字母nova4e保护,25.8,32,8,
OPPOR17手机壳玻璃opopr17一,19.8,0,8,
小米note3钢化玻璃手机壳note2镜,19.99,18,8,
淘宝网,19.8,0,8,
vivox21手机壳x21玻璃软壳硅胶x,24.9,0,8,
华为P30Pro磨砂手机壳轻薄防摔不沾指纹,25.0,1,8,
华为Magic2手机壳荣耀Magic2保,19.8,5,8,
SPIGEN韩国原装苹果X手机壳透明硅胶,128.0,0,8,
日系老牛吃嫩草iPhone7手机壳苹果x,25.88,2,8,
LongFnge琅坊阁苹果xr卡通手机壳,128.0,0,8,
苹果x新款磨砂手机壳xr网红xsmax软,19.98,1,8,
步步高vivo nex钢化玻璃手机壳iq,24.99,1,8,
一加6钢化软膜全屏覆盖6T手机膜1+3t,10.15,19,8,
钢铁侠立体条纹iphone7苹果xs m,16.8,0,8,
ins风苹果xr手机壳网红潮牌iphonex手机壳男,128.0,151,8,
现货即发vivoNEX双屏版前后全包手机壳,48.0,2723,8,
ins风彩虹英文笑脸vivoX27手机壳,16.8,1,8,
华为荣耀8手机壳honor8青春版保护套,11.8,501,8,
苹果8手机壳ipone7plus手机壳苹,19.5,17,8,
淘宝网,5.8,10,8,
汉堡冰淇淋小恐龙Xs Max苹果7/8p,18.0,0,8,
OPPO Reno手机套挂绳挂脖蜜蜂保护,25.8,23,8,
华为Mate9手机壳原装厂摩卡金保护套m,18.0,42,8,
iphoneXsMax苹果Xs手机套iphone x软壳指环,36.0,1321,8,
joyroom vivox6手机壳viv,25.0,0,8,
vivox20手机壳x20plus保护套x20a软壳,14.8,1,8,
苹果7手机壳女iPhone8手机套i8全,19.4,4,8,
乐视max2手机壳四角气囊防摔X820保,9.9,239,8,
卡通动物华为p20手机壳p30原创mat,19.98,0,8,
VIVOX27手机壳送全屏钢化膜X23防,16.8,0,8,
VIVOX20手机壳X20Plus保护套,9.9,1392,8,
苹果X手机壳液态硅胶防摔,78.1,29,8,
抖音同款苹果xsmax手机壳斜挎背带挂脖,31.36,1,8,
明星同款苹果手机壳网红狗狗表情包iPho,25.0,0,8,
ins滴胶彩虹iphone8plus苹果xsmax软壳xr,20.0,0,8,
淘宝网,25.74,5,8,
LED摄影灯口袋手持便携直播外拍单反手机,168.0,4,8,
苹果iphone透明玻璃手机壳 黑色 渐变粉红色,22.0,51,8,
通用手机背贴卡套公交门禁卡袋超薄卡包插卡,19.9,11,8,
华为P30Pro军事防摔手机壳盔甲P30,35.0,1,8,
OPPORENO手机壳送全屏钢化膜R9S,16.8,0,8,
李现同款心态超好xs max苹果X手机壳,18.9,0,8,
Moshi摩仕苹果XXS指环支架保护壳手机保护套,148.0,0,8,
oppor17手机壳pro玻璃镜面r15,11.8,10,8,
iphone苹果x手机壳xs玻璃max全,30.9,14,8,
vivoX21s手机壳vivo X23幻,19.6,219,8,
洽利iphone8手机壳真皮苹果7 pl,138.0,181,8,
双面玻璃华为p30手机壳p20pro,35.0,1,8,
xiaomi/小米黑鲨游戏手机壳气囊防摔,9.9,88,8,
华为mate7手机壳mate7保护套超薄,9.9,186,8,
vivo nex手机壳玻璃vivonex,39.0,25,8,
淘宝网,17.8,122,8,
韩风清新水果小米8手机壳8se青春版女款,11.4,334,8,
VIVOX9i手机壳vivo x9s翻盖,28.0,61,8,
iPhone8手机壳xsmax韩国女款潮,31.5,4,8,
XSMAX水钻苹果x手机壳XR蝴蝶结网红,39.0,9,8,
苹果6splus手机皮套翻盖插卡壳全包防,29.35,1,8,
YIYAYO 专柜 正品 爱丽丝 蕾丝兔 S号 2色,17.99,0,8,
汽车车载手机支架出风口4s店实用礼品定制,5.0,223,8,
新款iphonexs max苹果8plu,32.0,17,8,
苹果8plus手机壳新款iPhone7光,28.0,13,8,
奇酷360N7手机壳360N7pro真皮,108.0,0,8,
阿洋哥哥的奶油便利店丧系列x手机壳Bli,28.0,1,8,
iphoneX苹果xr/7/8/xs m,22.8,1,8,
一加7pro手机壳oneplus7保护套,17.8,16,8,
韩国LineFriends布朗熊苹果xs,68.0,1,8,
韩风清新水果play华为荣耀v20手机壳,11.4,425,8,
淘宝网,28.0,1,8,
OPPO R11S贴膜防爆高清手机保护玻,10.0,31,8,
Moshi摩仕苹果XR指环支架保护壳ip,138.0,0,8,
斜挎牛油果手机壳苹果x手机壳8plus磨,29.0,15,8,
c2lv1 vivox23手机壳x23幻,35.8,0,8,
瑞典 iDEAL OF SWEDEN I,238.0,8,8,
VOLSYS 华为mate7手机壳mat,18.9,119,8,
腕带支架iphoneX手机壳苹果XR软硅,19.4,1,8,
抖音网红iphone xs max手机壳苹果xsmax套9,68.0,99,8,
红米note7手机壳王源同款5plus男女6a阿丽塔,28.0,25,8,
Meitu美图M8s手机壳M8翻盖美图M,28.0,5,8,
华为JDN-W09/AL00荣耀平板2皮套防摔手机壳,48.0,1,8,
vivox20手机壳超薄vivo x21,16.8,181,8,
vivox20手机壳vivox9液态硅胶,23.0,615,8,
高清膜 手机保护膜 通用贴膜 万能膜 a,8.9,188,8,
韩商言李现同款苹果x手机壳老韩玻璃镜面i,11.8,4,8,
淘宝网,32.0,0,9,
迷你个性创意AirPods2保护套苹果无,28.0,18,9,
杭和楷原创可乐火箭男孩卡通苹果iphon,39.0,28,9,
双面玻璃防偷窥苹果Xr防窥手机壳透明,57.54,7,9,
nba乔丹苹果Xsmax手机壳6s磨砂软,76.0,21,9,
新款iphonexs手机壳气囊防摔 苹果,19.8,5,9,
苹果手机壳无边框 iPhone XS M,29.8,14,9,
保罗乔治苹果手机壳iphone7/8/7p/8p手机套,45.76,10,9,
双面玻璃苹果Xr手机壳防偷窥超薄透明,57.54,1,9,
苹果X手机壳硬壳简约XR超薄防摔iPhoneXMax,24.0,9112,9,
苹果8plus无边框手机壳iPhone7,26.8,160,9,
opporealmeX个性realmeX,16.8,7,9,
来图定制苹果7plus情侣手绘卡通8P手机壳潮6,57.82,57,9,
定制手机壳任意机型 照片制作diy型号定做,19.8,26553,9,
苹果x无边框手机壳磨砂透明iPhonex,26.8,1507,9,
手机群控支架工作室手游架微商多层可调苹果,26.24,37,9,
淘宝网,19.8,25,9,
卡通潮牌公仔iPhonex手机壳苹果8p,12.8,29,9,
Benks苹果X手机壳iPhoneXR轻,58.0,0,9,
布朗熊line苹果iphonexmax软硅胶透明手机壳,12.9,75,9,
苹果5s手机壳iphone5s保护套se,4.8,7,9,
iphone6手机壳硅胶苹果防摔潮男6splus女款,18.0,6787,9,
苹果水果菠萝牛油果草莓手机壳iphone,28.0,1,9,
苹果iphone x手机壳腕带款苹果 x,25.8,0,9,
费城76人队恩比德西蒙斯球衣款苹果iph,26.1,8,9,
荣耀v20手机壳个性创意超薄可爱网红全包潮,22.0,184,9,
巴斯光年iPhone6立体硅胶手机壳苹果,16.99,7,9,
牧石手工定制真皮苹果x日式菱格新款高档编,239.0,57,9,
波妞与宗介iPhoneXR透明手机壳6s,16.8,4,9,
vivox27手机壳x27pro全包防摔透明玻璃金属,55.0,309,9,
手机群控支架工作室手游架微商多层可调苹果,26.24,37,9,
苹果7plus手机壳硅胶苹果6splus手机套6s新,25.8,268,9,
淘宝网,135.0,11,9,
iphonexs max手机壳皮套翻盖苹果XR防摔男女,33.12,244,9,
一加7pro手机壳玻璃1+7卡通可爱,28.0,41,9,
麦麦米华为P30手机壳超薄新款P30pr,98.0,185,9,
苹果X手机壳iPhone XS Max蜂,38.0,5,9,
苹果x手机壳定制iphonex玻璃6s套,16.8,17128,9,
vivox20手机X20plus前后全包防摔高档p时尚a,20.5,1,9,
搞怪卡通猫抓老鼠苹果X手机壳iPhone,11.8,0,9,
任意型号来图定制手机壳订做照片硅胶玻璃女,19.8,14,9,
联想zuk z2手机壳z2pro保护套x,9.9,7,9,
可爱屁桃咬一口苹果数据线防折断保护套小动,8.99,2,9,
ins简约纯色苹果x手机软壳xrxsma,19.9,0,9,
vivox21手机壳硅胶手机套vivo全包lv2软壳,25.8,33,9,
日韩可爱卡通VIVOx21手机壳x23我,9.8,0,9,
华为p20手机壳男p20pro荣耀v20磁吸透明玻璃,45.0,148,9,
一加七PRO玻璃手机壳1+6T来图定制个,15.8,0,9,
淘宝网,15.8,0,9,
苹果xs手机壳液态硅胶iPhonexr超,23.8,10,9,
华为nova4手机壳真皮荣耀nova4限,65.0,0,9,
苹果8手机壳硅胶iphone8plus磨砂保护套软壳,15.9,1694,9,
华为nova4手机壳novo4e保护VCE-AL00硅胶,19.8,228,9,
简约富士山苹果XsMax手机壳iPhon,25.8,1,9,
苹果手机壳iphone7puls 可爱鸭,9.9,0,9,
黄色苹果x手机壳iphone7/8plu,19.8,1,9,
华为P20手机壳字母p20 pro保护套,25.8,18,9,
华为Nova5/4/3手机壳Mate20,18.7,0,9,
可爱小猪8plus苹果x手机壳iphon,23.8,23,9,
LED摄影灯口袋手持便携直播外拍单反手机,168.0,4,9,
vivo X27手机壳x27pro保护壳vivo x23全包壳,19.0,1,9,
vivo z5x手机壳防摔Z3X软硅胶全,22.0,3,9,
复古爱心金箔vivoy85手机壳y66y,25.6,0,9,
零钱包苹果x手机壳iPhonexr斜跨包,19.8,0,9,
淘宝网,19.8,0,9,
kaws华为P20/P30苹果X6s手机,23.8,5,9,
苹果7钢化玻璃手机壳8Plus镜面保护套,19.99,16,9,
猿人头nba联名iPhonexsmax手,19.8,58,9,
小米9手机壳浮雕硅胶防摔软壳MI9卡通粉,16.9,1,9,
布朗熊钢化玻璃MAX苹果iphone手机壳78P包邮,19.8,51,9,
苹果手机壳液态硅胶iPhone6plus,23.8,13,9,
off ow white 19ss基础条,99.0,18,9,
ViVo Y85手机壳卡通Y85粉红豹V,14.9,6,9,
麦麦米华为P30手机壳新款简约商务布纹P,128.0,33,9,
vivox27手机壳x23幻彩版y66潮,16.8,7,9,
华为荣耀20手机壳honor20i腕带V,19.8,534,9,
简约大气苹果xsmax手机壳带支架绿色i,26.0,0,9,
华为Nova4手机壳字母nova4e保护,25.8,32,9,
OPPOR17手机壳玻璃opopr17一,19.8,0,9,
小米note3钢化玻璃手机壳note2镜,19.99,18,9,
淘宝网,19.8,0,9,
vivox21手机壳x21玻璃软壳硅胶x,24.9,0,9,
华为P30Pro磨砂手机壳轻薄防摔不沾指纹,25.0,1,9,
华为Magic2手机壳荣耀Magic2保,19.8,5,9,
SPIGEN韩国原装苹果X手机壳透明硅胶,128.0,0,9,
日系老牛吃嫩草iPhone7手机壳苹果x,25.88,2,9,
LongFnge琅坊阁苹果xr卡通手机壳,128.0,0,9,
苹果x新款磨砂手机壳xr网红xsmax软,19.98,1,9,
步步高vivo nex钢化玻璃手机壳iq,24.99,1,9,
一加6钢化软膜全屏覆盖6T手机膜1+3t,10.15,19,9,
钢铁侠立体条纹iphone7苹果xs m,16.8,0,9,
ins风苹果xr手机壳网红潮牌iphonex手机壳男,128.0,151,9,
现货即发vivoNEX双屏版前后全包手机壳,48.0,2723,9,
ins风彩虹英文笑脸vivoX27手机壳,16.8,1,9,
华为荣耀8手机壳honor8青春版保护套,11.8,501,9,
苹果8手机壳ipone7plus手机壳苹,19.5,17,9,
淘宝网,5.8,10,9,
汉堡冰淇淋小恐龙Xs Max苹果7/8p,18.0,0,9,
OPPO Reno手机套挂绳挂脖蜜蜂保护,25.8,23,9,
华为Mate9手机壳原装厂摩卡金保护套m,18.0,42,9,
iphoneXsMax苹果Xs手机套iphone x软壳指环,36.0,1321,9,
joyroom vivox6手机壳viv,25.0,0,9,
vivox20手机壳x20plus保护套x20a软壳,14.8,1,9,
苹果7手机壳女iPhone8手机套i8全,19.4,4,9,
乐视max2手机壳四角气囊防摔X820保,9.9,239,9,
卡通动物华为p20手机壳p30原创mat,19.98,0,9,
VIVOX27手机壳送全屏钢化膜X23防,16.8,0,9,
VIVOX20手机壳X20Plus保护套,9.9,1392,9,
苹果X手机壳液态硅胶防摔,78.1,29,9,
抖音同款苹果xsmax手机壳斜挎背带挂脖,31.36,1,9,
明星同款苹果手机壳网红狗狗表情包iPho,25.0,0,9,
ins滴胶彩虹iphone8plus苹果xsmax软壳xr,20.0,0,9,
淘宝网,25.74,5,9,
LED摄影灯口袋手持便携直播外拍单反手机,168.0,4,9,
苹果iphone透明玻璃手机壳 黑色 渐变粉红色,22.0,51,9,
通用手机背贴卡套公交门禁卡袋超薄卡包插卡,19.9,11,9,
华为P30Pro军事防摔手机壳盔甲P30,35.0,1,9,
OPPORENO手机壳送全屏钢化膜R9S,16.8,0,9,
李现同款心态超好xs max苹果X手机壳,18.9,0,9,
Moshi摩仕苹果XXS指环支架保护壳手机保护套,148.0,0,9,
oppor17手机壳pro玻璃镜面r15,11.8,10,9,
iphone苹果x手机壳xs玻璃max全,30.9,14,9,
vivoX21s手机壳vivo X23幻,19.6,219,9,
洽利iphone8手机壳真皮苹果7 pl,138.0,181,9,
双面玻璃华为p30手机壳p20pro,35.0,1,9,
xiaomi/小米黑鲨游戏手机壳气囊防摔,9.9,88,9,
华为mate7手机壳mate7保护套超薄,9.9,186,9,
vivo nex手机壳玻璃vivonex,39.0,25,9,
淘宝网,17.8,122,9,
韩风清新水果小米8手机壳8se青春版女款,11.4,334,9,
VIVOX9i手机壳vivo x9s翻盖,28.0,61,9,
iPhone8手机壳xsmax韩国女款潮,31.5,4,9,
XSMAX水钻苹果x手机壳XR蝴蝶结网红,39.0,9,9,
苹果6splus手机皮套翻盖插卡壳全包防,29.35,1,9,
YIYAYO 专柜 正品 爱丽丝 蕾丝兔 S号 2色,17.99,0,9,
汽车车载手机支架出风口4s店实用礼品定制,5.0,223,9,
新款iphonexs max苹果8plu,32.0,17,9,
苹果8plus手机壳新款iPhone7光,28.0,13,9,
奇酷360N7手机壳360N7pro真皮,108.0,0,9,
阿洋哥哥的奶油便利店丧系列x手机壳Bli,28.0,1,9,
iphoneX苹果xr/7/8/xs m,22.8,1,9,
一加7pro手机壳oneplus7保护套,17.8,16,9,
韩国LineFriends布朗熊苹果xs,68.0,1,9,
韩风清新水果play华为荣耀v20手机壳,11.4,425,9,
淘宝网,28.0,1,9,
OPPO R11S贴膜防爆高清手机保护玻,10.0,31,9,
Moshi摩仕苹果XR指环支架保护壳ip,138.0,0,9,
斜挎牛油果手机壳苹果x手机壳8plus磨,29.0,15,9,
c2lv1 vivox23手机壳x23幻,35.8,0,9,
瑞典 iDEAL OF SWEDEN I,238.0,8,9,
VOLSYS 华为mate7手机壳mat,18.9,119,9,
腕带支架iphoneX手机壳苹果XR软硅,19.4,1,9,
抖音网红iphone xs max手机壳苹果xsmax套9,68.0,99,9,
红米note7手机壳王源同款5plus男女6a阿丽塔,28.0,25,9,
Meitu美图M8s手机壳M8翻盖美图M,28.0,5,9,
华为JDN-W09/AL00荣耀平板2皮套防摔手机壳,48.0,1,9,
vivox20手机壳超薄vivo x21,16.8,181,9,
vivox20手机壳vivox9液态硅胶,23.0,615,9,
高清膜 手机保护膜 通用贴膜 万能膜 a,8.9,188,9,
韩商言李现同款苹果x手机壳老韩玻璃镜面i,11.8,4,9,
淘宝网,32.0,0,10,
迷你个性创意AirPods2保护套苹果无,28.0,18,10,
杭和楷原创可乐火箭男孩卡通苹果iphon,39.0,28,10,
双面玻璃防偷窥苹果Xr防窥手机壳透明,57.54,7,10,
nba乔丹苹果Xsmax手机壳6s磨砂软,76.0,21,10,
新款iphonexs手机壳气囊防摔 苹果,19.8,5,10,
苹果手机壳无边框 iPhone XS M,29.8,14,10,
保罗乔治苹果手机壳iphone7/8/7p/8p手机套,45.76,10,10,
双面玻璃苹果Xr手机壳防偷窥超薄透明,57.54,1,10,
苹果X手机壳硬壳简约XR超薄防摔iPhoneXMax,24.0,9112,10,
苹果8plus无边框手机壳iPhone7,26.8,160,10,
opporealmeX个性realmeX,16.8,7,10,
来图定制苹果7plus情侣手绘卡通8P手机壳潮6,57.82,57,10,
定制手机壳任意机型 照片制作diy型号定做,19.8,26553,10,
苹果x无边框手机壳磨砂透明iPhonex,26.8,1507,10,
手机群控支架工作室手游架微商多层可调苹果,26.24,37,10,
淘宝网,19.8,25,10,
卡通潮牌公仔iPhonex手机壳苹果8p,12.8,29,10,
Benks苹果X手机壳iPhoneXR轻,58.0,0,10,
布朗熊line苹果iphonexmax软硅胶透明手机壳,12.9,75,10,
苹果5s手机壳iphone5s保护套se,4.8,7,10,
iphone6手机壳硅胶苹果防摔潮男6splus女款,18.0,6787,10,
苹果水果菠萝牛油果草莓手机壳iphone,28.0,1,10,
苹果iphone x手机壳腕带款苹果 x,25.8,0,10,
费城76人队恩比德西蒙斯球衣款苹果iph,26.1,8,10,
荣耀v20手机壳个性创意超薄可爱网红全包潮,22.0,184,10,
巴斯光年iPhone6立体硅胶手机壳苹果,16.99,7,10,
牧石手工定制真皮苹果x日式菱格新款高档编,239.0,57,10,
波妞与宗介iPhoneXR透明手机壳6s,16.8,4,10,
vivox27手机壳x27pro全包防摔透明玻璃金属,55.0,309,10,
手机群控支架工作室手游架微商多层可调苹果,26.24,37,10,
苹果7plus手机壳硅胶苹果6splus手机套6s新,25.8,268,10,
淘宝网,135.0,11,10,
iphonexs max手机壳皮套翻盖苹果XR防摔男女,33.12,244,10,
一加7pro手机壳玻璃1+7卡通可爱,28.0,41,10,
麦麦米华为P30手机壳超薄新款P30pr,98.0,185,10,
苹果X手机壳iPhone XS Max蜂,38.0,5,10,
苹果x手机壳定制iphonex玻璃6s套,16.8,17128,10,
vivox20手机X20plus前后全包防摔高档p时尚a,20.5,1,10,
搞怪卡通猫抓老鼠苹果X手机壳iPhone,11.8,0,10,
任意型号来图定制手机壳订做照片硅胶玻璃女,19.8,14,10,
联想zuk z2手机壳z2pro保护套x,9.9,7,10,
可爱屁桃咬一口苹果数据线防折断保护套小动,8.99,2,10,
ins简约纯色苹果x手机软壳xrxsma,19.9,0,10,
vivox21手机壳硅胶手机套vivo全包lv2软壳,25.8,33,10,
日韩可爱卡通VIVOx21手机壳x23我,9.8,0,10,
华为p20手机壳男p20pro荣耀v20磁吸透明玻璃,45.0,148,10,
一加七PRO玻璃手机壳1+6T来图定制个,15.8,0,10,
淘宝网,15.8,0,10,
苹果xs手机壳液态硅胶iPhonexr超,23.8,10,10,
华为nova4手机壳真皮荣耀nova4限,65.0,0,10,
苹果8手机壳硅胶iphone8plus磨砂保护套软壳,15.9,1694,10,
华为nova4手机壳novo4e保护VCE-AL00硅胶,19.8,228,10,
简约富士山苹果XsMax手机壳iPhon,25.8,1,10,
苹果手机壳iphone7puls 可爱鸭,9.9,0,10,
黄色苹果x手机壳iphone7/8plu,19.8,1,10,
华为P20手机壳字母p20 pro保护套,25.8,18,10,
华为Nova5/4/3手机壳Mate20,18.7,0,10,
可爱小猪8plus苹果x手机壳iphon,23.8,23,10,
LED摄影灯口袋手持便携直播外拍单反手机,168.0,4,10,
vivo X27手机壳x27pro保护壳vivo x23全包壳,19.0,1,10,
vivo z5x手机壳防摔Z3X软硅胶全,22.0,3,10,
复古爱心金箔vivoy85手机壳y66y,25.6,0,10,
零钱包苹果x手机壳iPhonexr斜跨包,19.8,0,10,
淘宝网,19.8,0,10,
kaws华为P20/P30苹果X6s手机,23.8,5,10,
苹果7钢化玻璃手机壳8Plus镜面保护套,19.99,16,10,
猿人头nba联名iPhonexsmax手,19.8,58,10,
小米9手机壳浮雕硅胶防摔软壳MI9卡通粉,16.9,1,10,
布朗熊钢化玻璃MAX苹果iphone手机壳78P包邮,19.8,51,10,
苹果手机壳液态硅胶iPhone6plus,23.8,13,10,
off ow white 19ss基础条,99.0,18,10,
ViVo Y85手机壳卡通Y85粉红豹V,14.9,6,10,
麦麦米华为P30手机壳新款简约商务布纹P,128.0,33,10,
vivox27手机壳x23幻彩版y66潮,16.8,7,10,
华为荣耀20手机壳honor20i腕带V,19.8,534,10,
简约大气苹果xsmax手机壳带支架绿色i,26.0,0,10,
华为Nova4手机壳字母nova4e保护,25.8,32,10,
OPPOR17手机壳玻璃opopr17一,19.8,0,10,
小米note3钢化玻璃手机壳note2镜,19.99,18,10,
淘宝网,19.8,0,10,
vivox21手机壳x21玻璃软壳硅胶x,24.9,0,10,
华为P30Pro磨砂手机壳轻薄防摔不沾指纹,25.0,1,10,
华为Magic2手机壳荣耀Magic2保,19.8,5,10,
SPIGEN韩国原装苹果X手机壳透明硅胶,128.0,0,10,
日系老牛吃嫩草iPhone7手机壳苹果x,25.88,2,10,
LongFnge琅坊阁苹果xr卡通手机壳,128.0,0,10,
苹果x新款磨砂手机壳xr网红xsmax软,19.98,1,10,
步步高vivo nex钢化玻璃手机壳iq,24.99,1,10,
一加6钢化软膜全屏覆盖6T手机膜1+3t,10.15,19,10,
钢铁侠立体条纹iphone7苹果xs m,16.8,0,10,
ins风苹果xr手机壳网红潮牌iphonex手机壳男,128.0,151,10,
现货即发vivoNEX双屏版前后全包手机壳,48.0,2723,10,
ins风彩虹英文笑脸vivoX27手机壳,16.8,1,10,
华为荣耀8手机壳honor8青春版保护套,11.8,501,10,
苹果8手机壳ipone7plus手机壳苹,19.5,17,10,
淘宝网,5.8,10,10,
汉堡冰淇淋小恐龙Xs Max苹果7/8p,18.0,0,10,
OPPO Reno手机套挂绳挂脖蜜蜂保护,25.8,23,10,
华为Mate9手机壳原装厂摩卡金保护套m,18.0,42,10,
iphoneXsMax苹果Xs手机套iphone x软壳指环,36.0,1321,10,
joyroom vivox6手机壳viv,25.0,0,10,
vivox20手机壳x20plus保护套x20a软壳,14.8,1,10,
苹果7手机壳女iPhone8手机套i8全,19.4,4,10,
乐视max2手机壳四角气囊防摔X820保,9.9,239,10,
卡通动物华为p20手机壳p30原创mat,19.98,0,10,
VIVOX27手机壳送全屏钢化膜X23防,16.8,0,10,
VIVOX20手机壳X20Plus保护套,9.9,1392,10,
苹果X手机壳液态硅胶防摔,78.1,29,10,
抖音同款苹果xsmax手机壳斜挎背带挂脖,31.36,1,10,
明星同款苹果手机壳网红狗狗表情包iPho,25.0,0,10,
ins滴胶彩虹iphone8plus苹果xsmax软壳xr,20.0,0,10,
淘宝网,25.74,5,10,
LED摄影灯口袋手持便携直播外拍单反手机,168.0,4,10,
苹果iphone透明玻璃手机壳 黑色 渐变粉红色,22.0,51,10,
通用手机背贴卡套公交门禁卡袋超薄卡包插卡,19.9,11,10,
华为P30Pro军事防摔手机壳盔甲P30,35.0,1,10,
OPPORENO手机壳送全屏钢化膜R9S,16.8,0,10,
李现同款心态超好xs max苹果X手机壳,18.9,0,10,
Moshi摩仕苹果XXS指环支架保护壳手机保护套,148.0,0,10,
oppor17手机壳pro玻璃镜面r15,11.8,10,10,
iphone苹果x手机壳xs玻璃max全,30.9,14,10,
vivoX21s手机壳vivo X23幻,19.6,219,10,
洽利iphone8手机壳真皮苹果7 pl,138.0,181,10,
双面玻璃华为p30手机壳p20pro,35.0,1,10,
xiaomi/小米黑鲨游戏手机壳气囊防摔,9.9,88,10,
华为mate7手机壳mate7保护套超薄,9.9,186,10,
vivo nex手机壳玻璃vivonex,39.0,25,10,
淘宝网,17.8,122,10,
韩风清新水果小米8手机壳8se青春版女款,11.4,334,10,
VIVOX9i手机壳vivo x9s翻盖,28.0,61,10,
iPhone8手机壳xsmax韩国女款潮,31.5,4,10,
XSMAX水钻苹果x手机壳XR蝴蝶结网红,39.0,9,10,
苹果6splus手机皮套翻盖插卡壳全包防,29.35,1,10,
YIYAYO 专柜 正品 爱丽丝 蕾丝兔 S号 2色,17.99,0,10,
汽车车载手机支架出风口4s店实用礼品定制,5.0,223,10,
新款iphonexs max苹果8plu,32.0,17,10,
苹果8plus手机壳新款iPhone7光,28.0,13,10,
奇酷360N7手机壳360N7pro真皮,108.0,0,10,
阿洋哥哥的奶油便利店丧系列x手机壳Bli,28.0,1,10,
iphoneX苹果xr/7/8/xs m,22.8,1,10,
一加7pro手机壳oneplus7保护套,17.8,16,10,
韩国LineFriends布朗熊苹果xs,68.0,1,10,
韩风清新水果play华为荣耀v20手机壳,11.4,425,10,
淘宝网,28.0,1,10,
OPPO R11S贴膜防爆高清手机保护玻,10.0,31,10,
Moshi摩仕苹果XR指环支架保护壳ip,138.0,0,10,
斜挎牛油果手机壳苹果x手机壳8plus磨,29.0,15,10,
c2lv1 vivox23手机壳x23幻,35.8,0,10,
瑞典 iDEAL OF SWEDEN I,238.0,8,10,
VOLSYS 华为mate7手机壳mat,18.9,119,10,
腕带支架iphoneX手机壳苹果XR软硅,19.4,1,10,
抖音网红iphone xs max手机壳苹果xsmax套9,68.0,99,10,
红米note7手机壳王源同款5plus男女6a阿丽塔,28.0,25,10,
Meitu美图M8s手机壳M8翻盖美图M,28.0,5,10,
华为JDN-W09/AL00荣耀平板2皮套防摔手机壳,48.0,1,10,
vivox20手机壳超薄vivo x21,16.8,181,10,
vivox20手机壳vivox9液态硅胶,23.0,615,10,
高清膜 手机保护膜 通用贴膜 万能膜 a,8.9,188,10,
韩商言李现同款苹果x手机壳老韩玻璃镜面i,11.8,4,10,
